node,time_s,breaths_per_min,band_power_ratio
1,20.483,13.701,0.0
1,20.529,13.701,0.0
1,20.738,13.701,0.0
1,20.878,13.701,0.0
1,20.947,13.701,0.0
1,20.96,13.701,0.0
1,20.981,13.701,0.0
1,21.011,13.701,0.0
1,21.063,13.701,0.0
1,21.153,13.701,0.0
1,21.204,13.701,0.0
1,21.255,13.701,0.0
1,21.287,9.134,0.625
1,21.35,9.134,0.625
1,21.402,9.134,0.625
1,21.446,9.134,0.625
1,21.535,9.134,0.625
1,21.536,9.134,0.625
1,21.594,9.134,0.625
1,21.614,9.134,0.625
1,21.762,9.134,0.625
1,21.868,9.134,0.625
1,21.924,9.134,0.625
1,21.977,9.134,0.625
1,22.103,9.134,0.625
1,22.127,9.134,0.625
1,22.18,9.134,0.625
1,22.216,9.134,0.625
1,22.269,9.134,0.625
1,22.31,9.134,0.625
1,22.376,9.134,0.625
1,22.438,9.134,1.0
1,22.546,9.134,1.0
1,22.557,9.134,1.0
1,22.743,9.134,1.0
1,22.791,9.134,1.0
1,22.843,9.134,1.0
1,22.893,9.134,1.0
1,22.946,9.134,1.0
1,22.997,9.134,1.0
1,23.047,9.134,1.0
1,23.149,9.134,1.0
1,23.201,9.134,1.0
1,23.23,9.134,1.0
1,23.252,9.134,1.0
1,23.306,9.134,1.0
1,23.356,9.134,1.0
1,23.405,9.134,1.0
1,23.449,9.134,1.0
1,23.551,9.134,1.0
1,23.559,9.134,0.75
1,23.61,9.134,0.75
1,23.711,9.134,0.75
1,23.744,9.134,0.75
1,23.855,9.134,0.75
1,23.961,9.134,0.75
1,24.066,9.134,0.75
1,24.17,9.134,0.75
1,24.258,9.134,0.75
1,24.391,9.134,0.75
1,24.444,9.134,0.75
1,24.486,9.134,0.75
1,24.524,9.134,0.75
1,24.582,9.134,0.75
1,24.611,9.134,0.75
1,24.687,9.134,0.75
1,24.737,9.134,0.75
1,24.788,9.134,0.75
1,24.84,9.134,0.75
1,24.89,9.134,0.625
1,24.942,9.134,0.625
1,24.992,9.134,0.625
1,25.046,9.134,0.625
1,25.095,9.134,0.625
1,25.146,9.134,0.625
1,25.197,9.134,0.625
1,25.251,9.134,0.625
1,25.302,9.134,0.625
1,25.404,9.134,0.625
1,25.454,9.134,0.625
1,25.486,9.134,0.625
1,25.548,9.134,0.625
1,25.6,9.134,0.625
1,25.654,9.134,0.625
1,25.69,9.134,0.625
1,25.806,9.134,0.625
1,25.858,9.134,0.625
1,25.896,9.134,0.625
1,25.954,13.701,0.0
1,25.997,13.701,0.0
1,26.097,13.701,0.0
1,26.21,13.701,0.0
1,26.313,13.701,0.0
1,26.53,13.701,0.0
1,26.579,13.701,0.0
1,26.612,13.701,0.0
1,26.671,13.701,0.0
1,26.734,13.701,0.0
1,26.785,13.701,0.0
1,26.838,13.701,0.0
1,26.889,13.701,0.0
1,26.939,13.701,0.0
1,26.989,13.701,0.0
1,27.041,13.701,0.0
1,27.092,13.701,0.0
1,27.144,13.701,0.0
1,27.254,13.701,0.0
1,27.391,9.134,0.75
1,27.444,9.134,0.75
1,27.495,9.134,0.75
1,27.546,9.134,0.75
1,27.594,9.134,0.75
1,27.657,9.134,0.75
1,27.706,9.134,0.75
1,27.806,9.134,0.75
1,27.861,9.134,0.75
1,27.911,9.134,0.75
1,27.965,9.134,0.75
1,28.014,9.134,0.75
1,28.118,9.134,0.75
1,28.148,9.134,0.75
1,28.208,9.134,0.75
1,28.257,9.134,0.75
1,28.314,9.134,0.75
1,28.379,9.134,0.75
1,28.431,9.134,0.75
1,28.485,9.134,0.75
1,28.525,9.134,0.75
1,28.582,9.134,0.75
1,28.642,9.134,0.75
1,28.678,9.134,0.75
1,28.874,9.134,0.75
1,28.979,9.134,0.75
1,29.035,9.134,0.75
1,29.069,9.134,0.75
1,29.179,9.134,0.75
1,29.275,9.134,0.75
1,29.384,9.134,0.75
1,29.397,9.134,0.75
1,29.447,9.134,0.75
1,29.48,9.134,0.75
1,29.542,9.134,0.75
1,29.609,9.134,0.75
1,29.652,9.134,0.75
1,29.704,9.134,0.75
1,29.795,15.984,0.75
1,29.846,15.984,0.75
1,29.899,15.984,0.75
1,29.952,15.984,0.75
1,30.004,15.984,0.75
1,30.056,15.984,0.75
1,30.101,15.984,0.75
1,30.163,15.984,0.75
1,30.216,15.984,0.75
1,30.268,15.984,0.75
1,30.317,15.984,0.75
1,30.369,15.984,0.75
1,30.421,15.984,0.75
1,30.472,15.984,0.75
1,30.524,15.984,0.75
1,30.568,15.984,0.75
1,30.62,15.984,0.75
1,30.67,15.984,0.75
1,30.728,15.984,0.75
1,30.819,18.268,0.625
1,30.92,18.268,0.625
1,30.933,18.268,0.625
1,30.961,18.268,0.625
1,31.025,18.268,0.625
1,31.035,18.268,0.625
1,31.079,18.268,0.625
1,31.12,18.268,0.625
1,31.187,18.268,0.625
1,31.237,18.268,0.625
1,31.333,18.268,0.625
1,31.391,18.268,0.625
1,31.437,18.268,0.625
1,31.445,18.268,0.625
1,31.541,18.268,0.625
1,31.594,18.268,0.625
1,31.701,18.268,0.625
1,31.746,18.268,0.625
1,31.854,18.268,0.625
1,31.904,18.268,0.75
1,31.958,18.268,0.75
1,32.009,18.268,0.75
1,32.06,18.268,0.75
1,32.11,18.268,0.75
1,32.161,18.268,0.75
1,32.212,18.268,0.75
1,32.263,18.268,0.75
1,32.316,18.268,0.75
1,32.367,18.268,0.75
1,32.465,18.268,0.75
1,32.517,18.268,0.75
1,32.57,18.268,0.75
1,32.622,18.268,0.75
1,32.674,18.268,0.75
1,32.724,18.268,0.75
1,32.775,18.268,0.75
1,32.859,18.268,0.75
1,32.914,18.268,0.75
1,32.972,18.268,0.625
1,33.062,18.268,0.625
1,33.082,18.268,0.625
1,33.122,18.268,0.625
1,33.178,18.268,0.625
1,33.23,18.268,0.625
1,33.282,18.268,0.625
1,33.385,18.268,0.625
1,33.495,18.268,0.625
1,33.544,18.268,0.625
1,33.583,18.268,0.625
1,33.638,18.268,0.625
1,33.678,18.268,0.625
1,33.79,18.268,0.625
1,33.819,18.268,0.625
1,33.871,18.268,0.625
1,33.901,18.268,0.625
1,33.953,18.268,0.625
1,33.993,18.268,0.625
1,34.098,18.268,0.75
1,34.191,18.268,0.75
1,34.245,18.268,0.75
1,34.305,18.268,0.75
1,34.407,18.268,0.75
1,34.517,18.268,0.75
1,34.575,18.268,0.75
1,34.618,18.268,0.75
1,34.67,18.268,0.75
1,34.699,18.268,0.75
1,34.72,18.268,0.75
1,34.749,18.268,0.75
1,34.813,18.268,0.75
1,34.851,18.268,0.75
1,34.926,18.268,0.75
1,34.953,18.268,0.75
1,35.011,18.268,0.75
1,35.071,18.268,0.75
1,35.11,18.268,0.75
1,35.13,18.268,0.625
1,35.234,18.268,0.625
1,35.285,18.268,0.625
1,35.315,18.268,0.625
1,35.336,18.268,0.625
1,35.386,18.268,0.625
1,35.438,18.268,0.625
1,35.49,18.268,0.625
1,35.541,18.268,0.625
1,35.591,18.268,0.625
1,35.642,18.268,0.625
1,35.693,18.268,0.625
1,35.746,18.268,0.625
1,35.797,18.268,0.625
1,35.829,18.268,0.625
1,35.888,18.268,0.625
1,35.944,18.268,0.625
1,35.995,18.268,0.625
1,36.1,18.268,0.625
1,36.156,18.268,0.75
1,36.205,18.268,0.75
1,36.23,18.268,0.75
1,36.257,18.268,0.75
1,36.309,18.268,0.75
1,36.385,18.268,0.75
1,36.412,18.268,0.75
1,36.452,18.268,0.75
1,36.463,18.268,0.75
1,36.524,18.268,0.75
1,36.547,18.268,0.75
1,36.642,18.268,0.75
1,36.719,18.268,0.75
1,36.768,18.268,0.75
1,36.821,18.268,0.75
1,36.917,18.268,0.75
1,36.973,18.268,0.75
1,37.023,18.268,0.75
1,37.056,18.268,0.75
1,37.076,15.984,0.625
1,37.121,15.984,0.625
1,37.175,15.984,0.625
1,37.22,15.984,0.625
1,37.269,15.984,0.625
1,37.339,15.984,0.625
1,37.391,15.984,0.625
1,37.445,15.984,0.625
1,37.583,15.984,0.625
1,37.632,15.984,0.625
1,37.74,15.984,0.625
1,37.79,15.984,0.625
1,37.895,15.984,0.625
1,37.946,15.984,0.625
1,37.978,15.984,0.625
1,38.019,15.984,0.625
1,38.073,15.984,0.625
1,38.103,15.984,0.625
1,38.153,15.984,0.625
1,38.19,18.268,0.5
1,38.241,18.268,0.5
1,38.39,18.268,0.5
1,38.407,18.268,0.5
1,38.462,18.268,0.5
1,38.505,18.268,0.5
1,38.51,18.268,0.5
1,38.55,18.268,0.5
1,38.612,18.268,0.5
1,38.655,18.268,0.5
1,38.696,18.268,0.5
1,38.751,18.268,0.5
1,38.81,18.268,0.5
1,38.912,18.268,0.5
1,38.969,18.268,0.5
1,39.016,18.268,0.5
1,39.106,18.268,0.5
1,39.16,18.268,0.5
1,39.223,18.268,0.5
1,39.272,18.268,0.75
1,39.378,18.268,0.75
1,39.438,18.268,0.75
1,39.497,18.268,0.75
1,39.54,18.268,0.75
1,39.578,18.268,0.75
1,39.624,18.268,0.75
1,39.636,18.268,0.75
1,39.687,18.268,0.75
1,39.726,18.268,0.75
1,39.781,18.268,0.75
1,39.835,18.268,0.75
1,39.947,18.268,0.75
1,39.994,18.268,0.75
1,40.047,18.268,0.75
1,40.102,18.268,0.75
1,40.148,18.268,0.75
1,40.201,18.268,0.75
1,40.254,18.268,0.75
1,40.305,18.268,0.75
1,40.352,18.268,0.75
1,40.456,18.268,0.75
1,40.556,18.268,0.75
1,40.61,18.268,0.75
1,40.641,18.268,0.75
1,40.846,18.268,0.75
1,40.959,18.268,0.75
1,41.01,18.268,0.75
1,41.05,18.268,0.75
1,41.106,18.268,0.75
1,41.161,18.268,0.75
1,41.268,18.268,0.75
1,41.321,18.268,0.75
1,41.371,18.268,0.75
1,41.474,18.268,0.75
1,41.561,18.268,0.75
1,41.582,18.268,0.75
1,41.683,18.268,0.75
1,41.778,18.268,0.625
1,41.787,18.268,0.625
1,41.831,18.268,0.625
1,41.891,18.268,0.625
1,41.965,18.268,0.625
1,41.992,18.268,0.625
1,42.042,18.268,0.625
1,42.074,18.268,0.625
1,42.176,18.268,0.625
1,42.2,18.268,0.625
1,42.251,18.268,0.625
1,42.301,18.268,0.625
1,42.353,18.268,0.625
1,42.402,18.268,0.625
1,42.456,18.268,0.625
1,42.496,18.268,0.625
1,42.555,18.268,0.625
1,42.602,18.268,0.625
1,42.661,18.268,0.625
1,42.709,18.268,0.5
1,42.759,18.268,0.5
1,42.791,18.268,0.5
1,42.926,18.268,0.5
1,43.007,18.268,0.5
1,43.055,18.268,0.5
1,43.098,18.268,0.5
1,43.161,18.268,0.5
1,43.213,18.268,0.5
1,43.22,18.268,0.5
1,43.273,18.268,0.5
1,43.323,18.268,0.5
1,43.373,18.268,0.5
1,43.43,18.268,0.5
1,43.587,18.268,0.5
1,43.635,18.268,0.5
1,43.68,18.268,0.5
1,43.734,18.268,0.5
1,43.784,18.268,0.5
1,43.817,18.268,0.625
1,43.835,18.268,0.625
1,43.883,18.268,0.625
1,44.04,18.268,0.625
1,44.09,18.268,0.625
1,44.123,18.268,0.625
1,44.178,18.268,0.625
1,44.205,18.268,0.625
1,44.226,18.268,0.625
1,44.254,18.268,0.625
1,44.305,18.268,0.625
1,44.34,18.268,0.625
1,44.429,18.268,0.625
1,44.45,18.268,0.625
1,44.499,18.268,0.625
1,44.551,18.268,0.625
1,44.587,18.268,0.625
1,44.635,18.268,0.625
1,44.654,18.268,0.625
1,44.704,18.268,0.625
1,44.751,18.268,0.625
1,44.802,18.268,0.625
1,44.855,18.268,0.625
1,44.907,18.268,0.625
1,45.05,18.268,0.625
1,45.157,18.268,0.625
1,45.168,18.268,0.625
1,45.22,18.268,0.625
1,45.269,18.268,0.625
1,45.362,18.268,0.625
1,45.414,18.268,0.625
1,45.466,18.268,0.625
1,45.491,18.268,0.625
1,45.542,18.268,0.625
1,45.574,18.268,0.625
1,45.679,18.268,0.625
1,45.728,18.268,0.625
1,45.757,18.268,0.625
1,45.782,18.268,0.5
1,45.833,18.268,0.5
1,45.884,18.268,0.5
1,45.935,18.268,0.5
1,45.966,18.268,0.5
1,45.986,18.268,0.5
1,46.036,18.268,0.5
1,46.087,18.268,0.5
1,46.138,18.268,0.5
1,46.192,18.268,0.5
1,46.242,18.268,0.5
1,46.292,18.268,0.5
1,46.399,18.268,0.5
1,46.445,18.268,0.5
1,46.497,18.268,0.5
1,46.579,18.268,0.5
1,46.602,18.268,0.5
1,46.652,18.268,0.5
1,46.694,18.268,0.5
1,46.702,18.268,0.5
1,46.752,18.268,0.5
1,46.908,18.268,0.5
1,46.957,18.268,0.5
1,47.009,18.268,0.5
1,47.061,18.268,0.5
1,47.113,18.268,0.5
1,47.165,18.268,0.5
1,47.195,18.268,0.5
1,47.213,18.268,0.5
1,47.265,18.268,0.5
1,47.317,18.268,0.5
1,47.367,18.268,0.5
1,47.421,18.268,0.5
1,47.469,18.268,0.5
1,47.501,18.268,0.5
1,47.521,18.268,0.5
1,47.571,18.268,0.5
1,47.621,18.268,0.5
1,47.706,15.984,0.625
1,47.725,15.984,0.625
1,47.778,15.984,0.625
1,47.829,15.984,0.625
1,47.869,15.984,0.625
1,47.911,15.984,0.625
1,47.931,15.984,0.625
1,47.981,15.984,0.625
1,48.013,15.984,0.625
1,48.032,15.984,0.625
1,48.085,15.984,0.625
1,48.132,15.984,0.625
1,48.185,15.984,0.625
1,48.219,15.984,0.625
1,48.275,15.984,0.625
1,48.332,15.984,0.625
1,48.437,15.984,0.625
1,48.539,15.984,0.625
1,48.641,15.984,0.625
1,48.692,18.268,0.375
1,48.749,18.268,0.375
1,48.8,18.268,0.375
1,48.853,18.268,0.375
1,48.905,18.268,0.375
1,48.934,18.268,0.375
1,48.953,18.268,0.375
1,48.99,18.268,0.375
1,49.034,18.268,0.375
1,49.058,18.268,0.375
1,49.108,18.268,0.375
1,49.16,18.268,0.375
1,49.211,18.268,0.375
1,49.262,18.268,0.375
1,49.314,18.268,0.375
1,49.364,18.268,0.375
1,49.418,18.268,0.375
1,49.467,18.268,0.375
1,49.518,18.268,0.375
1,49.556,15.984,0.375
1,49.611,15.984,0.375
1,49.663,15.984,0.375
1,49.716,15.984,0.375
1,49.763,15.984,0.375
1,49.802,15.984,0.375
1,49.87,15.984,0.375
1,49.904,15.984,0.375
1,49.966,15.984,0.375
1,49.98,15.984,0.375
1,50.006,15.984,0.375
1,50.069,15.984,0.375
1,50.125,15.984,0.375
1,50.165,15.984,0.375
1,50.259,15.984,0.375
1,50.286,15.984,0.375
1,50.337,15.984,0.375
1,50.389,15.984,0.375
1,50.46,15.984,0.375
1,50.495,13.701,0.25
1,50.541,13.701,0.25
1,50.593,13.701,0.25
1,50.682,13.701,0.25
1,50.738,13.701,0.25
1,50.786,13.701,0.25
1,50.799,13.701,0.25
1,50.852,13.701,0.25
1,50.881,13.701,0.25
1,50.936,13.701,0.25
1,50.99,13.701,0.25
1,51.005,13.701,0.25
1,51.105,13.701,0.25
1,51.156,13.701,0.25
1,51.195,13.701,0.25
1,51.207,13.701,0.25
1,51.258,13.701,0.25
1,51.313,13.701,0.25
1,51.365,13.701,0.25
1,51.416,9.134,0.75
1,51.483,9.134,0.75
1,51.516,9.134,0.75
1,51.566,9.134,0.75
1,51.618,9.134,0.75
1,51.721,9.134,0.75
1,51.771,9.134,0.75
1,51.815,9.134,0.75
1,51.874,9.134,0.75
1,51.921,9.134,0.75
1,51.984,9.134,0.75
1,52.037,9.134,0.75
1,52.123,9.134,0.75
1,52.13,9.134,0.75
1,52.181,9.134,0.75
1,52.223,9.134,0.75
1,52.234,9.134,0.75
1,52.34,9.134,0.75
1,52.385,9.134,0.75
1,52.432,9.134,0.625
1,52.505,9.134,0.625
1,52.532,9.134,0.625
1,52.62,9.134,0.625
1,52.645,9.134,0.625
1,52.707,9.134,0.625
1,52.745,9.134,0.625
1,52.795,9.134,0.625
1,52.847,9.134,0.625
1,52.896,9.134,0.625
1,52.948,9.134,0.625
1,53.001,9.134,0.625
1,53.051,9.134,0.625
1,53.101,9.134,0.625
1,53.206,9.134,0.625
1,53.258,9.134,0.625
1,53.31,9.134,0.625
1,53.358,9.134,0.625
1,53.409,9.134,0.625
1,53.441,13.701,0.75
1,53.462,13.701,0.75
1,53.512,13.701,0.75
1,53.546,13.701,0.75
1,53.566,13.701,0.75
1,53.644,13.701,0.75
1,53.666,13.701,0.75
1,53.772,13.701,0.75
1,53.82,13.701,0.75
1,53.919,13.701,0.75
1,53.97,13.701,0.75
1,54.062,13.701,0.75
1,54.074,13.701,0.75
1,54.125,13.701,0.75
1,54.178,13.701,0.75
1,54.23,13.701,0.75
1,54.28,13.701,0.75
1,54.338,13.701,0.75
1,54.395,13.701,0.75
1,54.449,13.701,0.75
1,54.49,13.701,0.75
1,54.662,13.701,0.75
1,54.691,13.701,0.75
1,54.739,13.701,0.75
1,54.793,13.701,0.75
1,54.842,13.701,0.75
1,54.895,13.701,0.75
1,54.944,13.701,0.75
1,54.995,13.701,0.75
1,55.048,13.701,0.75
1,55.097,13.701,0.75
1,55.188,13.701,0.75
1,55.202,13.701,0.75
1,55.241,13.701,0.75
1,55.29,13.701,0.75
1,55.405,13.701,0.75
1,55.457,13.701,0.75
1,55.498,13.701,0.75
1,55.519,13.701,0.75
1,55.573,13.701,0.75
1,55.61,13.701,0.75
1,55.652,13.701,0.75
1,55.701,13.701,0.75
1,55.712,13.701,0.75
1,55.764,13.701,0.75
1,55.816,13.701,0.75
1,55.866,13.701,0.75
1,55.905,13.701,0.75
1,55.958,13.701,0.75
1,56.009,13.701,0.75
1,56.122,13.701,0.75
1,56.194,13.701,0.75
1,56.226,13.701,0.75
1,56.279,13.701,0.75
1,56.314,13.701,0.75
1,56.384,13.701,0.75
1,56.491,13.701,0.75
1,56.532,13.701,0.625
1,56.584,13.701,0.625
1,56.636,13.701,0.625
1,56.689,13.701,0.625
1,56.736,13.701,0.625
1,56.788,13.701,0.625
1,56.839,13.701,0.625
1,56.89,13.701,0.625
1,56.942,13.701,0.625
1,56.993,13.701,0.625
1,57.031,13.701,0.625
1,57.086,13.701,0.625
1,57.134,13.701,0.625
1,57.212,13.701,0.625
1,57.249,13.701,0.625
1,57.3,13.701,0.625
1,57.352,13.701,0.625
1,57.404,13.701,0.625
1,57.454,13.701,0.625
1,57.505,22.835,0.5
1,57.539,22.835,0.5
1,57.651,22.835,0.5
1,57.661,22.835,0.5
1,57.71,22.835,0.5
1,57.749,22.835,0.5
1,57.806,22.835,0.5
1,57.857,22.835,0.5
1,57.911,22.835,0.5
1,57.961,22.835,0.5
1,58.064,22.835,0.5
1,58.174,22.835,0.5
1,58.222,22.835,0.5
1,58.274,22.835,0.5
1,58.335,22.835,0.5
1,58.383,22.835,0.5
1,58.433,22.835,0.5
1,58.498,22.835,0.5
1,58.541,22.835,0.5
1,58.582,18.268,0.0
1,58.657,18.268,0.0
1,58.685,18.268,0.0
1,58.723,18.268,0.0
1,58.774,18.268,0.0
1,58.886,18.268,0.0
1,58.992,18.268,0.0
1,59.043,18.268,0.0
1,59.083,18.268,0.0
1,59.092,18.268,0.0
1,59.143,18.268,0.0
1,59.283,18.268,0.0
1,59.386,18.268,0.0
1,59.503,18.268,0.0
1,59.587,18.268,0.0
1,59.644,18.268,0.0
1,59.696,18.268,0.0
1,59.758,18.268,0.0
1,59.801,18.268,0.0
1,59.902,18.268,0.0
1,59.911,18.268,0.0
1,59.964,18.268,0.0
1,60.065,18.268,0.0
1,60.108,18.268,0.0
1,60.118,18.268,0.0
1,60.264,18.268,0.0
1,60.309,18.268,0.0
1,60.323,18.268,0.0
1,60.378,18.268,0.0
1,60.431,18.268,0.0
1,60.483,18.268,0.0
1,60.532,18.268,0.0
1,60.583,18.268,0.0
1,60.629,18.268,0.0
1,60.68,18.268,0.0
1,60.738,18.268,0.0
1,60.775,18.268,0.0
1,60.832,18.268,0.0
1,60.891,15.984,0.625
1,60.937,15.984,0.625
1,60.989,15.984,0.625
1,61.038,15.984,0.625
1,61.088,15.984,0.625
1,61.14,15.984,0.625
1,61.243,15.984,0.625
1,61.295,15.984,0.625
1,61.345,15.984,0.625
1,61.385,15.984,0.625
1,61.435,15.984,0.625
1,61.491,15.984,0.625
1,61.55,15.984,0.625
1,61.6,15.984,0.625
1,61.623,15.984,0.625
1,61.66,15.984,0.625
1,61.707,15.984,0.625
1,61.757,15.984,0.625
1,61.83,15.984,0.625
1,61.856,13.701,0.625
1,61.908,13.701,0.625
1,61.961,13.701,0.625
1,62.018,13.701,0.625
1,62.057,13.701,0.625
1,62.128,13.701,0.625
1,62.169,13.701,0.625
1,62.254,13.701,0.625
1,62.289,13.701,0.625
1,62.32,13.701,0.625
1,62.368,13.701,0.625
1,62.37,13.701,0.625
1,62.415,13.701,0.625
1,62.525,13.701,0.625
1,62.574,13.701,0.625
1,62.624,13.701,0.625
1,62.675,13.701,0.625
1,62.771,13.701,0.625
1,62.826,13.701,0.625
1,62.876,13.701,0.375
1,62.98,13.701,0.375
1,63.083,13.701,0.375
1,63.175,13.701,0.375
1,63.189,13.701,0.375
1,63.281,13.701,0.375
1,63.385,13.701,0.375
1,63.484,13.701,0.375
1,63.538,13.701,0.375
1,63.589,13.701,0.375
1,63.64,13.701,0.375
1,63.7,13.701,0.375
1,63.753,13.701,0.375
1,63.812,13.701,0.375
1,63.864,13.701,0.375
1,63.892,13.701,0.375
1,63.946,13.701,0.375
1,63.995,13.701,0.375
1,64.11,13.701,0.375
1,64.162,18.268,0.5
1,64.212,18.268,0.5
1,64.316,18.268,0.5
1,64.368,18.268,0.5
1,64.416,18.268,0.5
1,64.468,18.268,0.5
1,64.52,18.268,0.5
1,64.571,18.268,0.5
1,64.622,18.268,0.5
1,64.674,18.268,0.5
1,64.711,18.268,0.5
1,64.725,18.268,0.5
1,64.777,18.268,0.5
1,64.828,18.268,0.5
1,64.855,18.268,0.5
1,64.92,18.268,0.5
1,64.956,18.268,0.5
1,65.022,18.268,0.5
1,65.071,18.268,0.5
1,65.18,20.551,0.625
1,65.34,20.551,0.625
1,65.391,20.551,0.625
1,65.441,20.551,0.625
1,65.495,20.551,0.625
1,65.547,20.551,0.625
1,65.594,20.551,0.625
1,65.646,20.551,0.625
1,65.687,20.551,0.625
1,65.74,20.551,0.625
1,65.752,20.551,0.625
1,65.8,20.551,0.625
1,65.854,20.551,0.625
1,65.903,20.551,0.625
1,65.962,20.551,0.625
1,66.003,20.551,0.625
1,66.056,20.551,0.625
1,66.106,20.551,0.625
1,66.146,20.551,0.625
1,66.199,13.701,0.0
1,66.252,13.701,0.0
1,66.313,13.701,0.0
1,66.371,13.701,0.0
1,66.431,13.701,0.0
1,66.473,13.701,0.0
1,66.575,13.701,0.0
1,66.625,13.701,0.0
1,66.677,13.701,0.0
1,66.73,13.701,0.0
1,66.771,13.701,0.0
1,66.876,13.701,0.0
1,66.927,13.701,0.0
1,66.976,13.701,0.0
1,67.028,13.701,0.0
1,67.082,13.701,0.0
1,67.133,13.701,0.0
1,67.182,13.701,0.0
1,67.232,13.701,0.0
1,67.393,20.551,0.625
1,67.445,20.551,0.625
1,67.493,20.551,0.625
1,67.543,20.551,0.625
1,67.594,20.551,0.625
1,67.642,20.551,0.625
1,67.674,20.551,0.625
1,67.699,20.551,0.625
1,67.752,20.551,0.625
1,67.799,20.551,0.625
1,67.851,20.551,0.625
1,67.912,20.551,0.625
1,67.965,20.551,0.625
1,68.003,20.551,0.625
1,68.052,20.551,0.625
1,68.09,20.551,0.625
1,68.143,20.551,0.625
1,68.199,20.551,0.625
1,68.254,20.551,0.625
1,68.402,15.984,0.25
1,68.454,15.984,0.25
1,68.515,15.984,0.25
1,68.567,15.984,0.25
1,68.616,15.984,0.25
1,68.719,15.984,0.25
1,68.77,15.984,0.25
1,68.823,15.984,0.25
1,68.874,15.984,0.25
1,68.923,15.984,0.25
1,68.973,15.984,0.25
1,69.027,15.984,0.25
1,69.076,15.984,0.25
1,69.129,15.984,0.25
1,69.178,15.984,0.25
1,69.221,15.984,0.25
1,69.275,15.984,0.25
1,69.335,15.984,0.25
1,69.385,15.984,0.25
1,69.498,18.268,0.25
1,69.542,18.268,0.25
1,69.622,18.268,0.25
1,69.639,18.268,0.25
1,69.69,18.268,0.25
1,69.742,18.268,0.25
1,69.793,18.268,0.25
1,69.845,18.268,0.25
1,69.939,18.268,0.25
1,69.99,18.268,0.25
1,70.094,18.268,0.25
1,70.251,18.268,0.25
1,70.356,18.268,0.25
1,70.461,18.268,0.25
1,70.51,18.268,0.25
1,70.562,18.268,0.25
1,70.615,18.268,0.25
1,70.663,18.268,0.25
1,70.715,18.268,0.25
1,70.765,13.701,0.0
1,70.817,13.701,0.0
1,70.869,13.701,0.0
1,70.927,13.701,0.0
1,70.97,13.701,0.0
1,71.024,13.701,0.0
1,71.075,13.701,0.0
1,71.13,13.701,0.0
1,71.176,13.701,0.0
1,71.28,13.701,0.0
1,71.33,13.701,0.0
1,71.382,13.701,0.0
1,71.424,13.701,0.0
1,71.478,13.701,0.0
1,71.579,13.701,0.0
1,71.63,13.701,0.0
1,71.687,13.701,0.0
1,71.739,13.701,0.0
1,71.782,13.701,0.0
1,71.79,20.551,1.0
1,71.843,20.551,1.0
1,71.881,20.551,1.0
1,71.936,20.551,1.0
1,72.045,20.551,1.0
1,72.086,20.551,1.0
1,72.186,20.551,1.0
1,72.236,20.551,1.0
1,72.3,20.551,1.0
1,72.391,20.551,1.0
1,72.498,20.551,1.0
1,72.506,20.551,1.0
1,72.558,20.551,1.0
1,72.61,20.551,1.0
1,72.66,20.551,1.0
1,72.701,20.551,1.0
1,72.712,20.551,1.0
1,72.802,20.551,1.0
1,72.841,20.551,1.0
1,72.91,22.835,0.625
1,73.02,22.835,0.625
1,73.075,22.835,0.625
1,73.122,22.835,0.625
1,73.172,22.835,0.625
1,73.224,22.835,0.625
1,73.274,22.835,0.625
1,73.301,22.835,0.625
1,73.327,22.835,0.625
1,73.429,22.835,0.625
1,73.538,22.835,0.625
1,73.623,22.835,0.625
1,73.632,22.835,0.625
1,73.658,22.835,0.625
1,73.682,22.835,0.625
1,73.732,22.835,0.625
1,73.775,22.835,0.625
1,73.832,22.835,0.625
1,73.885,22.835,0.625
1,73.933,9.134,0.625
1,73.982,9.134,0.625
1,74.043,9.134,0.625
1,74.089,9.134,0.625
1,74.193,9.134,0.625
1,74.246,9.134,0.625
1,74.297,9.134,0.625
1,74.321,9.134,0.625
1,74.394,9.134,0.625
1,74.433,9.134,0.625
1,74.453,9.134,0.625
1,74.504,9.134,0.625
1,74.554,9.134,0.625
1,74.607,9.134,0.625
1,74.64,9.134,0.625
1,74.759,9.134,0.625
1,74.81,9.134,0.625
1,74.861,9.134,0.625
1,74.914,9.134,0.625
1,74.964,22.835,0.75
1,75.017,22.835,0.75
1,75.068,22.835,0.75
1,75.124,22.835,0.75
1,75.17,22.835,0.75
1,75.219,22.835,0.75
1,75.258,22.835,0.75
1,75.314,22.835,0.75
1,75.367,22.835,0.75
1,75.477,22.835,0.75
1,75.527,22.835,0.75
1,75.578,22.835,0.75
1,75.631,22.835,0.75
1,75.681,22.835,0.75
1,75.79,22.835,0.75
1,75.792,22.835,0.75
1,75.844,22.835,0.75
1,75.885,22.835,0.75
1,75.989,22.835,0.75
1,76.039,22.835,0.625
1,76.091,22.835,0.625
1,76.142,22.835,0.625
1,76.181,22.835,0.625
1,76.233,22.835,0.625
1,76.283,22.835,0.625
1,76.391,22.835,0.625
1,76.443,22.835,0.625
1,76.495,22.835,0.625
1,76.501,22.835,0.625
1,76.661,22.835,0.625
1,76.706,22.835,0.625
1,76.8,22.835,0.625
1,76.898,22.835,0.625
1,76.91,22.835,0.625
1,76.96,22.835,0.625
1,76.999,22.835,0.625
1,77.013,22.835,0.625
1,77.056,22.835,0.625
1,77.102,18.268,0.0
1,77.116,18.268,0.0
1,77.266,18.268,0.0
1,77.37,18.268,0.0
1,77.421,18.268,0.0
1,77.524,18.268,0.0
1,77.576,18.268,0.0
1,77.636,18.268,0.0
1,77.685,18.268,0.0
1,77.728,18.268,0.0
1,77.833,18.268,0.0
1,77.884,18.268,0.0
1,77.939,18.268,0.0
1,78.03,18.268,0.0
1,78.143,18.268,0.0
1,78.228,18.268,0.0
1,78.284,18.268,0.0
1,78.352,18.268,0.0
1,78.394,18.268,0.0
1,78.433,18.268,0.25
1,78.489,18.268,0.25
1,78.558,18.268,0.25
1,78.599,18.268,0.25
1,78.651,18.268,0.25
1,78.705,18.268,0.25
1,78.733,18.268,0.25
1,78.753,18.268,0.25
1,78.808,18.268,0.25
1,78.85,18.268,0.25
1,78.898,18.268,0.25
1,78.938,18.268,0.25
1,78.998,18.268,0.25
1,79.052,18.268,0.25
1,79.146,18.268,0.25
1,79.253,18.268,0.25
1,79.308,18.268,0.25
1,79.36,18.268,0.25
1,79.414,18.268,0.25
1,79.469,18.268,0.625
1,79.615,18.268,0.625
1,79.663,18.268,0.625
1,79.716,18.268,0.625
1,79.819,18.268,0.625
1,79.868,18.268,0.625
1,79.916,18.268,0.625
1,79.984,18.268,0.625
1,80.009,18.268,0.625
1,80.15,18.268,0.625
1,80.181,18.268,0.625
1,80.214,18.268,0.625
1,80.285,18.268,0.625
1,80.317,18.268,0.625
1,80.391,18.268,0.625
1,80.419,18.268,0.625
1,80.501,18.268,0.625
1,80.59,18.268,0.625
1,80.665,18.268,0.625
1,80.691,15.984,0.625
1,80.722,15.984,0.625
1,80.775,15.984,0.625
1,80.801,15.984,0.625
1,80.909,15.984,0.625
1,80.944,15.984,0.625
1,80.963,15.984,0.625
1,80.997,15.984,0.625
1,81.052,15.984,0.625
1,81.101,15.984,0.625
1,81.177,15.984,0.625
1,81.21,15.984,0.625
1,81.265,15.984,0.625
1,81.294,15.984,0.625
1,81.314,15.984,0.625
1,81.364,15.984,0.625
1,81.431,15.984,0.625
1,81.459,15.984,0.625
1,81.507,15.984,0.625
1,81.525,11.417,0.0
1,81.578,11.417,0.0
1,81.609,11.417,0.0
1,81.62,11.417,0.0
1,81.693,11.417,0.0
1,81.727,11.417,0.0
1,81.763,11.417,0.0
1,81.812,11.417,0.0
1,81.876,11.417,0.0
1,81.927,11.417,0.0
1,81.931,11.417,0.0
1,81.982,11.417,0.0
1,82.065,11.417,0.0
1,82.065,11.417,0.0
1,82.099,11.417,0.0
1,82.165,11.417,0.0
1,82.196,11.417,0.0
1,82.239,11.417,0.0
1,82.289,11.417,0.0
1,82.336,18.268,0.0
1,82.362,18.268,0.0
1,82.394,18.268,0.0
1,82.43,18.268,0.0
1,82.525,18.268,0.0
1,82.543,18.268,0.0
1,82.563,18.268,0.0
1,82.624,18.268,0.0
1,82.628,18.268,0.0
1,82.691,18.268,0.0
1,82.725,18.268,0.0
1,82.763,18.268,0.0
1,82.834,18.268,0.0
1,82.878,18.268,0.0
1,82.9,18.268,0.0
1,82.956,18.268,0.0
1,82.976,18.268,0.0
1,83.003,18.268,0.0
1,83.042,18.268,0.0
1,83.054,9.134,0.625
1,83.124,9.134,0.625
1,83.164,9.134,0.625
1,83.227,9.134,0.625
1,83.272,9.134,0.625
1,83.341,9.134,0.625
1,83.361,9.134,0.625
1,83.414,9.134,0.625
1,83.445,9.134,0.625
1,83.5,9.134,0.625
1,83.558,9.134,0.625
1,83.656,9.134,0.625
1,83.67,9.134,0.625
1,83.721,9.134,0.625
1,83.755,9.134,0.625
1,83.812,9.134,0.625
1,83.866,9.134,0.625
1,83.967,9.134,0.625
1,84.071,9.134,0.625
1,84.175,18.268,0.25
1,84.232,18.268,0.25
1,84.284,18.268,0.25
1,84.343,18.268,0.25
1,84.376,18.268,0.25
1,84.431,18.268,0.25
1,84.666,18.268,0.25
1,84.692,18.268,0.25
1,84.795,18.268,0.25
1,84.836,18.268,0.25
1,84.889,18.268,0.25
1,84.913,18.268,0.25
1,84.965,18.268,0.25
1,84.987,18.268,0.25
1,85.247,18.268,0.25
1,85.301,18.268,0.25
1,85.505,18.268,0.25
1,85.619,18.268,0.25
1,85.674,18.268,0.25
1,85.699,11.417,0.0
1,85.753,11.417,0.0
1,85.806,11.417,0.0
1,85.908,11.417,0.0
1,85.962,11.417,0.0
1,86.015,11.417,0.0
1,86.065,11.417,0.0
1,86.114,11.417,0.0
1,86.125,11.417,0.0
1,86.179,11.417,0.0
1,86.215,11.417,0.0
1,86.227,11.417,0.0
1,86.271,11.417,0.0
1,86.332,11.417,0.0
1,86.382,11.417,0.0
1,86.434,11.417,0.0
1,86.484,11.417,0.0
1,86.534,11.417,0.0
1,86.587,11.417,0.0
1,86.633,11.417,0.0
1,86.636,11.417,0.0
1,86.714,11.417,0.0
1,86.745,11.417,0.0
1,86.795,11.417,0.0
1,86.843,11.417,0.0
1,86.893,11.417,0.0
1,86.996,11.417,0.0
1,87.048,11.417,0.0
1,87.098,11.417,0.0
1,87.15,11.417,0.0
1,87.202,11.417,0.0
1,87.253,11.417,0.0
1,87.304,11.417,0.0
1,87.343,11.417,0.0
1,87.355,11.417,0.0
1,87.407,11.417,0.0
1,87.458,11.417,0.0
1,87.509,11.417,0.0
1,87.559,13.701,0.375
1,87.61,13.701,0.375
1,87.649,13.701,0.375
1,87.704,13.701,0.375
1,87.807,13.701,0.375
1,87.918,13.701,0.375
1,87.956,13.701,0.375
1,87.969,13.701,0.375
1,88.019,13.701,0.375
1,88.071,13.701,0.375
1,88.123,13.701,0.375
1,88.175,13.701,0.375
1,88.225,13.701,0.375
1,88.267,13.701,0.375
1,88.311,13.701,0.375
1,88.372,13.701,0.375
1,88.442,13.701,0.375
1,88.481,13.701,0.375
1,88.532,13.701,0.375
1,88.591,13.701,0.5
1,88.645,13.701,0.5
1,88.776,13.701,0.5
1,88.887,13.701,0.5
1,88.992,13.701,0.5
1,89.084,13.701,0.5
1,89.095,13.701,0.5
1,89.148,13.701,0.5
1,89.201,13.701,0.5
1,89.249,13.701,0.5
1,89.288,13.701,0.5
1,89.349,13.701,0.5
1,89.399,13.701,0.5
1,89.505,13.701,0.5
1,89.557,13.701,0.5
1,89.597,13.701,0.5
1,89.61,13.701,0.5
1,89.662,13.701,0.5
1,89.698,13.701,0.5
1,89.761,13.701,0.875
1,89.801,13.701,0.875
1,89.84,13.701,0.875
1,89.937,13.701,0.875
1,89.971,13.701,0.875
1,90.015,13.701,0.875
1,90.018,13.701,0.875
1,90.07,13.701,0.875
1,90.131,13.701,0.875
1,90.173,13.701,0.875
1,90.226,13.701,0.875
1,90.289,13.701,0.875
1,90.338,13.701,0.875
1,90.388,13.701,0.875
1,90.427,13.701,0.875
1,90.476,13.701,0.875
1,90.543,13.701,0.875
1,90.59,13.701,0.875
1,90.64,13.701,0.875
1,90.698,13.701,0.625
1,90.734,13.701,0.625
1,90.793,13.701,0.625
1,90.843,13.701,0.625
1,90.898,13.701,0.625
1,90.947,13.701,0.625
1,90.999,13.701,0.625
1,91.048,13.701,0.625
1,91.102,13.701,0.625
1,91.146,13.701,0.625
1,91.262,13.701,0.625
1,91.359,13.701,0.625
1,91.404,13.701,0.625
1,91.518,13.701,0.625
1,91.575,13.701,0.625
1,91.68,13.701,0.625
1,91.823,13.701,0.625
1,91.823,13.701,0.625
1,91.919,13.701,0.625
1,91.943,13.701,0.75
1,91.972,13.701,0.75
1,92.028,13.701,0.75
1,92.076,13.701,0.75
1,92.118,13.701,0.75
1,92.165,13.701,0.75
1,92.24,13.701,0.75
1,92.303,13.701,0.75
1,92.303,13.701,0.75
1,92.339,13.701,0.75
1,92.38,13.701,0.75
1,92.56,13.701,0.75
1,92.589,13.701,0.75
1,92.636,13.701,0.75
1,92.682,13.701,0.75
1,92.739,13.701,0.75
1,92.782,13.701,0.75
1,92.838,13.701,0.75
1,92.888,13.701,0.75
1,92.946,13.701,0.5
1,92.993,13.701,0.5
1,93.042,13.701,0.5
1,93.078,13.701,0.5
1,93.14,13.701,0.5
1,93.185,13.701,0.5
1,93.255,13.701,0.5
1,93.345,13.701,0.5
1,93.439,13.701,0.5
1,93.499,13.701,0.5
1,93.55,13.701,0.5
1,93.601,13.701,0.5
1,93.652,13.701,0.5
1,93.687,13.701,0.5
1,93.704,13.701,0.5
1,93.854,13.701,0.5
1,93.903,13.701,0.5
1,94.009,13.701,0.5
1,94.113,13.701,0.5
1,94.165,13.701,0.75
1,94.205,13.701,0.75
1,94.258,13.701,0.75
1,94.305,13.701,0.75
1,94.318,13.701,0.75
1,94.369,13.701,0.75
1,94.404,13.701,0.75
1,94.46,13.701,0.75
1,94.515,13.701,0.75
1,94.624,13.701,0.75
1,94.677,13.701,0.75
1,94.73,13.701,0.75
1,94.822,13.701,0.75
1,94.879,13.701,0.75
1,94.925,13.701,0.75
1,94.968,13.701,0.75
1,95.034,13.701,0.75
1,95.062,13.701,0.75
1,95.136,13.701,0.75
1,95.174,13.701,0.75
1,95.227,13.701,0.75
1,95.242,13.701,0.75
1,95.269,13.701,0.75
1,95.33,13.701,0.75
1,95.343,13.701,0.75
1,95.381,13.701,0.75
1,95.431,13.701,0.75
1,95.446,13.701,0.75
1,95.495,13.701,0.75
1,95.535,13.701,0.75
1,95.588,13.701,0.75
1,95.65,13.701,0.75
1,95.7,13.701,0.75
1,95.738,13.701,0.75
1,95.812,13.701,0.75
1,95.841,13.701,0.75
1,95.943,13.701,0.75
1,96.055,13.701,0.75
1,96.158,13.701,0.75
1,96.261,13.701,0.75
1,96.374,13.701,0.75
1,96.424,13.701,0.75
1,96.46,13.701,0.75
1,96.591,13.701,0.75
1,96.591,13.701,0.75
1,96.646,13.701,0.75
1,96.675,13.701,0.75
1,96.725,13.701,0.75
1,96.77,13.701,0.75
1,96.834,13.701,0.75
1,96.858,13.701,0.75
1,96.917,13.701,0.75
1,96.969,13.701,0.75
1,97.024,13.701,0.75
1,97.079,13.701,0.75
1,97.13,13.701,0.75
1,97.179,13.701,0.75
1,97.283,13.701,0.75
1,97.345,13.701,0.75
1,97.393,13.701,0.75
1,97.461,13.701,0.75
1,97.5,13.701,0.75
1,97.52,13.701,0.75
1,97.635,13.701,0.75
1,97.685,13.701,0.75
1,97.697,13.701,0.75
1,97.747,13.701,0.75
1,97.782,13.701,0.75
1,97.89,13.701,0.75
1,98.005,13.701,0.75
1,98.055,13.701,0.75
1,98.106,13.701,0.75
1,98.159,13.701,0.75
1,98.212,13.701,0.75
1,98.263,13.701,0.75
1,98.314,13.701,0.75
1,98.359,13.701,0.75
1,98.413,13.701,0.75
1,98.489,13.701,0.75
1,98.532,13.701,0.75
1,98.579,13.701,0.75
1,98.611,13.701,0.75
1,98.659,13.701,0.75
1,98.864,13.701,0.75
1,98.929,13.701,0.75
1,98.981,13.701,0.75
1,99.016,13.701,0.75
1,99.069,13.701,0.75
1,99.179,13.701,0.75
1,99.227,13.701,0.75
1,99.333,13.701,0.75
1,99.388,13.701,0.75
1,99.438,13.701,0.75
1,99.497,13.701,0.75
1,99.564,13.701,0.75
1,99.64,13.701,0.875
1,99.691,13.701,0.875
1,99.749,13.701,0.875
1,99.795,13.701,0.875
1,99.887,13.701,0.875
1,99.938,13.701,0.875
1,99.949,13.701,0.875
1,99.978,13.701,0.875
1,100.039,13.701,0.875
1,100.08,13.701,0.875
1,100.147,13.701,0.875
1,100.197,13.701,0.875
1,100.301,13.701,0.875
1,100.359,13.701,0.875
1,100.456,13.701,0.875
1,100.507,13.701,0.875
1,100.564,13.701,0.875
1,100.617,13.701,0.875
1,100.668,13.701,0.875
1,100.718,13.701,0.625
1,100.821,13.701,0.625
1,100.859,13.701,0.625
1,100.872,13.701,0.625
1,100.922,13.701,0.625
1,100.974,13.701,0.625
1,101.03,13.701,0.625
1,101.078,13.701,0.625
1,101.129,13.701,0.625
1,101.181,13.701,0.625
1,101.285,13.701,0.625
1,101.332,13.701,0.625
1,101.384,13.701,0.625
1,101.434,13.701,0.625
1,101.477,13.701,0.625
1,101.485,13.701,0.625
1,101.536,13.701,0.625
1,101.59,13.701,0.625
1,101.642,13.701,0.625
1,101.694,13.701,0.75
1,101.744,13.701,0.75
1,101.794,13.701,0.75
1,101.898,13.701,0.75
1,101.95,13.701,0.75
1,101.988,13.701,0.75
1,102.04,13.701,0.75
1,102.093,13.701,0.75
1,102.145,13.701,0.75
1,102.198,13.701,0.75
1,102.248,13.701,0.75
1,102.296,13.701,0.75
1,102.345,13.701,0.75
1,102.453,13.701,0.75
1,102.51,13.701,0.75
1,102.56,13.701,0.75
1,102.614,13.701,0.75
1,102.664,13.701,0.75
1,102.706,13.701,0.75
1,102.761,13.701,0.625
1,102.817,13.701,0.625
1,102.867,13.701,0.625
1,102.92,13.701,0.625
1,102.971,13.701,0.625
1,103.024,13.701,0.625
1,103.09,13.701,0.625
1,103.134,13.701,0.625
1,103.185,13.701,0.625
1,103.227,13.701,0.625
1,103.278,13.701,0.625
1,103.315,13.701,0.625
1,103.329,13.701,0.625
1,103.434,13.701,0.625
1,103.513,13.701,0.625
1,103.537,13.701,0.625
1,103.637,13.701,0.625
1,103.693,13.701,0.625
1,103.725,13.701,0.625
1,103.779,13.701,0.875
1,103.848,13.701,0.875
1,103.927,13.701,0.875
1,103.98,13.701,0.875
1,104.035,13.701,0.875
1,104.088,13.701,0.875
1,104.167,13.701,0.875
1,104.219,13.701,0.875
1,104.252,13.701,0.875
1,104.308,13.701,0.875
1,104.354,13.701,0.875
1,104.406,13.701,0.875
1,104.507,13.701,0.875
1,104.544,13.701,0.875
1,104.605,13.701,0.875
1,104.647,13.701,0.875
1,104.66,13.701,0.875
1,104.757,13.701,0.875
1,104.762,13.701,0.875
1,104.807,13.701,0.75
1,104.852,13.701,0.75
1,104.864,13.701,0.75
1,104.962,13.701,0.75
1,105.013,13.701,0.75
1,105.117,13.701,0.75
1,105.232,13.701,0.75
1,105.276,13.701,0.75
1,105.327,13.701,0.75
1,105.378,13.701,0.75
1,105.431,13.701,0.75
1,105.466,13.701,0.75
1,105.481,13.701,0.75
1,105.531,13.701,0.75
1,105.57,13.701,0.75
1,105.677,13.701,0.75
1,105.829,13.701,0.75
1,105.877,13.701,0.75
1,105.888,13.701,0.75
1,105.992,13.701,0.75
1,106.042,13.701,0.75
1,106.094,13.701,0.75
1,106.145,13.701,0.75
1,106.184,13.701,0.75
1,106.299,13.701,0.75
1,106.35,13.701,0.75
1,106.402,13.701,0.75
1,106.452,13.701,0.75
1,106.493,13.701,0.75
1,106.547,13.701,0.75
1,106.592,13.701,0.75
1,106.614,13.701,0.75
1,106.676,13.701,0.75
1,106.759,13.701,0.75
1,106.797,13.701,0.75
1,106.812,13.701,0.75
1,107.003,13.701,0.75
1,107.117,13.701,0.75
1,107.169,13.701,0.625
1,107.221,13.701,0.625
1,107.271,13.701,0.625
1,107.323,13.701,0.625
1,107.373,13.701,0.625
1,107.427,13.701,0.625
1,107.48,13.701,0.625
1,107.531,13.701,0.625
1,107.578,13.701,0.625
1,107.63,13.701,0.625
1,107.681,13.701,0.625
1,107.719,13.701,0.625
1,107.778,13.701,0.625
1,107.823,13.701,0.625
1,107.893,13.701,0.625
1,108.034,13.701,0.625
1,108.086,13.701,0.625
1,108.131,13.701,0.625
1,108.183,13.701,0.625
1,108.237,13.701,0.625
1,108.32,13.701,0.625
1,108.349,13.701,0.625
1,108.397,13.701,0.625
1,108.449,13.701,0.625
1,108.5,13.701,0.625
1,108.551,13.701,0.625
1,108.653,13.701,0.625
1,108.704,13.701,0.625
1,108.756,13.701,0.625
1,108.845,13.701,0.625
1,109.03,13.701,0.625
1,109.063,13.701,0.625
1,109.116,13.701,0.625
1,109.179,13.701,0.625
1,109.216,13.701,0.625
1,109.257,13.701,0.625
1,109.271,13.701,0.625
1,109.295,13.701,0.625
1,109.364,18.268,0.0
1,109.419,18.268,0.0
1,109.469,18.268,0.0
1,109.474,18.268,0.0
1,109.524,18.268,0.0
1,109.576,18.268,0.0
1,109.629,18.268,0.0
1,109.672,18.268,0.0
1,109.72,18.268,0.0
1,109.829,18.268,0.0
1,109.883,18.268,0.0
1,109.932,18.268,0.0
1,110.032,18.268,0.0
1,110.115,18.268,0.0
1,110.181,18.268,0.0
1,110.22,18.268,0.0
1,110.281,18.268,0.0
1,110.32,18.268,0.0
1,110.381,18.268,0.0
1,110.395,18.268,0.0
1,110.488,18.268,0.0
1,110.5,18.268,0.0
1,110.548,18.268,0.0
1,110.6,18.268,0.0
1,110.652,18.268,0.0
1,110.765,18.268,0.0
1,110.81,18.268,0.0
1,110.861,18.268,0.0
1,110.897,18.268,0.0
1,111.002,18.268,0.0
1,111.057,18.268,0.0
1,111.112,18.268,0.0
1,111.164,18.268,0.0
1,111.202,18.268,0.0
1,111.214,18.268,0.0
1,111.271,18.268,0.0
1,111.304,18.268,0.0
1,111.414,18.268,0.0
1,111.488,15.984,0.625
1,111.526,15.984,0.625
1,111.672,15.984,0.625
1,111.718,15.984,0.625
1,111.724,15.984,0.625
1,111.77,15.984,0.625
1,111.874,15.984,0.625
1,112.02,15.984,0.625
1,112.035,15.984,0.625
1,112.084,15.984,0.625
1,112.128,15.984,0.625
1,112.182,15.984,0.625
1,112.234,15.984,0.625
1,112.29,15.984,0.625
1,112.346,15.984,0.625
1,112.396,15.984,0.625
1,112.449,15.984,0.625
1,112.509,15.984,0.625
1,112.552,15.984,0.625
1,112.605,15.984,0.5
1,112.647,15.984,0.5
1,112.699,15.984,0.5
1,112.75,15.984,0.5
1,112.839,15.984,0.5
1,112.901,15.984,0.5
1,112.956,15.984,0.5
1,113.057,15.984,0.5
1,113.108,15.984,0.5
1,113.159,15.984,0.5
1,113.243,15.984,0.5
1,113.262,15.984,0.5
1,113.315,15.984,0.5
1,113.364,15.984,0.5
1,113.415,15.984,0.5
1,113.466,15.984,0.5
1,113.517,15.984,0.5
1,113.576,15.984,0.5
1,113.577,15.984,0.5
1,113.631,20.551,0.625
1,113.663,20.551,0.625
1,113.766,20.551,0.625
1,113.821,20.551,0.625
1,113.862,20.551,0.625
1,113.927,20.551,0.625
1,114.03,20.551,0.625
1,114.068,20.551,0.625
1,114.176,20.551,0.625
1,114.279,20.551,0.625
1,114.345,20.551,0.625
1,114.395,20.551,0.625
1,114.448,20.551,0.625
1,114.478,20.551,0.625
1,114.55,20.551,0.625
1,114.613,20.551,0.625
1,114.682,20.551,0.625
1,114.695,20.551,0.625
1,114.747,20.551,0.625
1,114.784,13.701,0.375
1,114.84,13.701,0.375
1,114.888,13.701,0.375
1,114.99,13.701,0.375
1,115.095,13.701,0.375
1,115.201,13.701,0.375
1,115.314,13.701,0.375
1,115.405,13.701,0.375
1,115.461,13.701,0.375
1,115.495,13.701,0.375
1,115.518,13.701,0.375
1,115.568,13.701,0.375
1,115.604,13.701,0.375
1,115.66,13.701,0.375
1,115.712,13.701,0.375
1,115.78,13.701,0.375
1,115.812,13.701,0.375
1,115.823,13.701,0.375
1,115.873,13.701,0.375
1,115.911,18.268,0.0
1,115.924,18.268,0.0
1,115.964,18.268,0.0
1,116.017,18.268,0.0
1,116.026,18.268,0.0
1,116.078,18.268,0.0
1,116.118,18.268,0.0
1,116.129,18.268,0.0
1,116.182,18.268,0.0
1,116.226,18.268,0.0
1,116.233,18.268,0.0
1,116.286,18.268,0.0
1,116.334,18.268,0.0
1,116.386,18.268,0.0
1,116.433,18.268,0.0
1,116.489,18.268,0.0
1,116.528,18.268,0.0
1,116.635,18.268,0.0
1,116.745,18.268,0.0
1,116.83,18.268,0.0
1,116.883,18.268,0.0
1,116.935,18.268,0.0
1,116.989,18.268,0.0
1,117.041,18.268,0.0
1,117.142,18.268,0.0
1,117.152,18.268,0.0
1,117.203,18.268,0.0
1,117.242,18.268,0.0
1,117.256,18.268,0.0
1,117.306,18.268,0.0
1,117.357,18.268,0.0
1,117.411,18.268,0.0
1,117.46,18.268,0.0
1,117.511,18.268,0.0
1,117.546,18.268,0.0
1,117.562,18.268,0.0
1,117.615,18.268,0.0
1,117.668,18.268,0.0
1,117.719,15.984,0.625
1,117.804,15.984,0.625
1,117.833,15.984,0.625
1,117.873,15.984,0.625
1,117.94,15.984,0.625
1,117.962,15.984,0.625
1,118.075,15.984,0.625
1,118.166,15.984,0.625
1,118.219,15.984,0.625
1,118.269,15.984,0.625
1,118.319,15.984,0.625
1,118.377,15.984,0.625
1,118.39,15.984,0.625
1,118.438,15.984,0.625
1,118.486,15.984,0.625
1,118.555,15.984,0.625
1,118.587,15.984,0.625
1,118.659,15.984,0.625
1,118.689,15.984,0.625
1,118.785,15.984,0.25
1,118.842,15.984,0.25
1,118.891,15.984,0.25
1,118.933,15.984,0.25
1,118.985,15.984,0.25
1,119.044,15.984,0.25
1,119.088,15.984,0.25
1,119.138,15.984,0.25
1,119.191,15.984,0.25
1,119.256,15.984,0.25
1,119.313,15.984,0.25
1,119.313,15.984,0.25
1,119.388,15.984,0.25
1,119.406,15.984,0.25
1,119.458,15.984,0.25
1,119.498,15.984,0.25
1,119.552,15.984,0.25
1,119.665,15.984,0.25
1,119.7,15.984,0.25
1,119.713,13.701,0.5
1,119.763,13.701,0.5
1,119.798,13.701,0.5
1,119.863,13.701,0.5
1,119.915,13.701,0.5
2,20.201,13.316,0.0
2,20.259,13.316,0.0
2,20.313,13.316,0.0
2,20.388,17.755,0.5
2,20.423,17.755,0.5
2,20.524,17.755,0.5
2,20.571,17.755,0.5
2,20.636,17.755,0.5
2,20.725,17.755,0.5
2,20.775,17.755,0.5
2,20.826,17.755,0.5
2,20.877,17.755,0.5
2,20.917,17.755,0.5
2,20.981,17.755,0.5
2,21.0,17.755,0.5
2,21.019,17.755,0.5
2,21.05,17.755,0.5
2,21.103,17.755,0.5
2,21.14,17.755,0.5
2,21.242,17.755,0.5
2,21.327,17.755,0.5
2,21.382,17.755,0.5
2,21.436,8.877,0.875
2,21.532,8.877,0.875
2,21.581,8.877,0.875
2,21.633,8.877,0.875
2,21.652,8.877,0.875
2,21.748,8.877,0.875
2,21.853,8.877,0.875
2,21.965,8.877,0.875
2,22.016,8.877,0.875
2,22.107,8.877,0.875
2,22.146,8.877,0.875
2,22.164,8.877,0.875
2,22.35,8.877,0.875
2,22.414,8.877,0.875
2,22.477,8.877,0.875
2,22.617,8.877,0.875
2,22.631,8.877,0.875
2,22.779,8.877,0.875
2,22.881,8.877,0.875
2,22.985,8.877,0.75
2,23.037,8.877,0.75
2,23.086,8.877,0.75
2,23.139,8.877,0.75
2,23.189,8.877,0.75
2,23.242,8.877,0.75
2,23.28,8.877,0.75
2,23.293,8.877,0.75
2,23.344,8.877,0.75
2,23.393,8.877,0.75
2,23.488,8.877,0.75
2,23.591,8.877,0.75
2,23.598,8.877,0.75
2,23.65,8.877,0.75
2,23.839,8.877,0.75
2,23.949,8.877,0.75
2,24.001,8.877,0.75
2,24.055,8.877,0.75
2,24.158,8.877,0.75
2,24.261,8.877,0.625
2,24.308,8.877,0.625
2,24.351,8.877,0.625
2,24.422,8.877,0.625
2,24.535,8.877,0.625
2,24.563,8.877,0.625
2,24.614,8.877,0.625
2,24.65,8.877,0.625
2,24.724,8.877,0.625
2,24.827,8.877,0.625
2,24.88,8.877,0.625
2,24.929,8.877,0.625
2,24.982,8.877,0.625
2,25.033,8.877,0.625
2,25.083,8.877,0.625
2,25.134,8.877,0.625
2,25.187,8.877,0.625
2,25.236,8.877,0.625
2,25.29,8.877,0.625
2,25.339,13.316,0.0
2,25.442,13.316,0.0
2,25.525,13.316,0.0
2,25.588,13.316,0.0
2,25.639,13.316,0.0
2,25.692,13.316,0.0
2,25.748,13.316,0.0
2,25.785,13.316,0.0
2,25.844,13.316,0.0
2,25.936,13.316,0.0
2,25.991,13.316,0.0
2,26.094,13.316,0.0
2,26.14,13.316,0.0
2,26.192,13.316,0.0
2,26.301,13.316,0.0
2,26.408,13.316,0.0
2,26.46,13.316,0.0
2,26.509,13.316,0.0
2,26.567,13.316,0.0
2,26.652,8.877,0.75
2,26.714,8.877,0.75
2,26.773,8.877,0.75
2,26.876,8.877,0.75
2,26.93,8.877,0.75
2,26.977,8.877,0.75
2,27.08,8.877,0.75
2,27.132,8.877,0.75
2,27.187,8.877,0.75
2,27.235,8.877,0.75
2,27.291,8.877,0.75
2,27.381,8.877,0.75
2,27.431,8.877,0.75
2,27.483,8.877,0.75
2,27.585,8.877,0.75
2,27.632,8.877,0.75
2,27.694,8.877,0.75
2,27.846,8.877,0.75
2,27.899,8.877,0.75
2,28.002,13.316,0.0
2,28.106,13.316,0.0
2,28.188,13.316,0.0
2,28.247,13.316,0.0
2,28.297,13.316,0.0
2,28.352,13.316,0.0
2,28.418,13.316,0.0
2,28.47,13.316,0.0
2,28.515,13.316,0.0
2,28.619,13.316,0.0
2,28.685,13.316,0.0
2,28.719,13.316,0.0
2,28.861,13.316,0.0
2,28.966,13.316,0.0
2,29.02,13.316,0.0
2,29.071,13.316,0.0
2,29.165,13.316,0.0
2,29.27,13.316,0.0
2,29.314,13.316,0.0
2,29.369,13.316,0.0
2,29.424,13.316,0.0
2,29.435,13.316,0.0
2,29.519,13.316,0.0
2,29.582,13.316,0.0
2,29.646,13.316,0.0
2,29.742,13.316,0.0
2,29.837,13.316,0.0
2,29.883,13.316,0.0
2,29.94,13.316,0.0
2,29.993,13.316,0.0
2,30.043,13.316,0.0
2,30.13,13.316,0.0
2,30.151,13.316,0.0
2,30.254,13.316,0.0
2,30.307,13.316,0.0
2,30.357,13.316,0.0
2,30.408,13.316,0.0
2,30.46,13.316,0.0
2,30.512,13.316,0.0
2,30.561,13.316,0.0
2,30.611,13.316,0.0
2,30.658,13.316,0.0
2,30.711,13.316,0.0
2,30.762,13.316,0.0
2,30.86,13.316,0.0
2,30.912,13.316,0.0
2,30.959,13.316,0.0
2,30.971,13.316,0.0
2,30.999,13.316,0.0
2,31.069,13.316,0.0
2,31.173,13.316,0.0
2,31.224,13.316,0.0
2,31.278,13.316,0.0
2,31.328,13.316,0.0
2,31.369,13.316,0.0
2,31.426,13.316,0.0
2,31.477,13.316,0.0
2,31.483,8.877,0.75
2,31.581,8.877,0.75
2,31.633,8.877,0.75
2,31.689,8.877,0.75
2,31.867,8.877,0.75
2,31.893,8.877,0.75
2,31.944,8.877,0.75
2,31.997,8.877,0.75
2,32.097,8.877,0.75
2,32.199,8.877,0.75
2,32.253,8.877,0.75
2,32.302,8.877,0.75
2,32.354,8.877,0.75
2,32.405,8.877,0.75
2,32.463,8.877,0.75
2,32.504,8.877,0.75
2,32.558,8.877,0.75
2,32.61,8.877,0.75
2,32.664,8.877,0.75
2,32.711,8.877,0.875
2,32.814,8.877,0.875
2,32.866,8.877,0.875
2,32.898,8.877,0.875
2,32.954,8.877,0.875
2,33.012,8.877,0.875
2,33.062,8.877,0.875
2,33.216,8.877,0.875
2,33.269,8.877,0.875
2,33.372,8.877,0.875
2,33.476,8.877,0.875
2,33.532,8.877,0.875
2,33.625,8.877,0.875
2,33.677,8.877,0.875
2,33.723,8.877,0.875
2,33.774,8.877,0.875
2,33.858,8.877,0.875
2,33.911,8.877,0.875
2,33.941,8.877,0.875
2,33.993,13.316,0.0
2,34.035,13.316,0.0
2,34.086,13.316,0.0
2,34.189,13.316,0.0
2,34.229,13.316,0.0
2,34.288,13.316,0.0
2,34.344,13.316,0.0
2,34.395,13.316,0.0
2,34.498,13.316,0.0
2,34.556,13.316,0.0
2,34.615,13.316,0.0
2,34.657,13.316,0.0
2,34.711,13.316,0.0
2,34.737,13.316,0.0
2,34.76,13.316,0.0
2,34.788,13.316,0.0
2,34.851,13.316,0.0
2,34.891,13.316,0.0
2,34.965,13.316,0.0
2,34.993,8.877,0.625
2,35.048,8.877,0.625
2,35.111,8.877,0.625
2,35.166,8.877,0.625
2,35.169,8.877,0.625
2,35.218,8.877,0.625
2,35.273,8.877,0.625
2,35.366,8.877,0.625
2,35.374,8.877,0.625
2,35.478,8.877,0.625
2,35.53,8.877,0.625
2,35.579,8.877,0.625
2,35.681,8.877,0.625
2,35.785,8.877,0.625
2,35.868,8.877,0.625
2,35.927,8.877,0.625
2,35.982,8.877,0.625
2,36.037,8.877,0.625
2,36.086,8.877,0.625
2,36.192,8.877,0.625
2,36.27,8.877,0.625
2,36.295,8.877,0.625
2,36.425,8.877,0.625
2,36.44,8.877,0.625
2,36.495,8.877,0.625
2,36.501,8.877,0.625
2,36.564,8.877,0.625
2,36.607,8.877,0.625
2,36.707,8.877,0.625
2,36.757,8.877,0.625
2,36.809,8.877,0.625
2,36.86,8.877,0.625
2,36.957,8.877,0.625
2,37.011,8.877,0.625
2,37.096,8.877,0.625
2,37.115,8.877,0.625
2,37.16,8.877,0.625
2,37.213,8.877,0.625
2,37.217,8.877,1.0
2,37.258,8.877,1.0
2,37.311,8.877,1.0
2,37.375,8.877,1.0
2,37.426,8.877,1.0
2,37.484,8.877,1.0
2,37.549,8.877,1.0
2,37.55,8.877,1.0
2,37.611,8.877,1.0
2,37.723,8.877,1.0
2,37.884,8.877,1.0
2,37.933,8.877,1.0
2,37.987,8.877,1.0
2,38.018,8.877,1.0
2,38.059,8.877,1.0
2,38.113,8.877,1.0
2,38.14,8.877,1.0
2,38.194,8.877,1.0
2,38.23,8.877,1.0
2,38.338,8.877,0.875
2,38.387,8.877,0.875
2,38.429,8.877,0.875
2,38.446,8.877,0.875
2,38.544,8.877,0.875
2,38.548,8.877,0.875
2,38.587,8.877,0.875
2,38.641,8.877,0.875
2,38.734,8.877,0.875
2,38.79,8.877,0.875
2,38.85,8.877,0.875
2,39.006,8.877,0.875
2,39.107,8.877,0.875
2,39.144,8.877,0.875
2,39.203,8.877,0.875
2,39.259,8.877,0.875
2,39.363,8.877,0.875
2,39.477,8.877,0.875
2,39.536,8.877,0.875
2,39.578,8.877,0.875
2,39.618,8.877,0.875
2,39.655,8.877,0.875
2,39.674,8.877,0.875
2,39.728,8.877,0.875
2,39.766,8.877,0.875
2,39.82,8.877,0.875
2,39.872,8.877,0.875
2,39.983,8.877,0.875
2,40.087,8.877,0.875
2,40.14,8.877,0.875
2,40.188,8.877,0.875
2,40.239,8.877,0.875
2,40.29,8.877,0.875
2,40.392,8.877,0.875
2,40.494,8.877,0.875
2,40.597,8.877,0.875
2,40.649,8.877,0.875
2,40.681,8.877,0.875
2,40.783,8.877,0.625
2,40.802,8.877,0.625
2,40.842,8.877,0.625
2,40.885,8.877,0.625
2,40.998,8.877,0.625
2,41.05,8.877,0.625
2,41.09,8.877,0.625
2,41.146,8.877,0.625
2,41.204,8.877,0.625
2,41.257,8.877,0.625
2,41.307,8.877,0.625
2,41.359,8.877,0.625
2,41.462,8.877,0.625
2,41.567,8.877,0.625
2,41.602,8.877,0.625
2,41.621,8.877,0.625
2,41.723,8.877,0.625
2,41.806,8.877,0.625
2,41.825,8.877,0.625
2,41.929,8.877,0.875
2,42.03,8.877,0.875
2,42.114,8.877,0.875
2,42.169,8.877,0.875
2,42.215,8.877,0.875
2,42.239,8.877,0.875
2,42.291,8.877,0.875
2,42.337,8.877,0.875
2,42.441,8.877,0.875
2,42.525,8.877,0.875
2,42.594,8.877,0.875
2,42.633,8.877,0.875
2,42.701,8.877,0.875
2,42.746,8.877,0.875
2,42.831,8.877,0.875
2,42.967,8.877,0.875
2,43.044,8.877,0.875
2,43.138,8.877,0.875
2,43.202,8.877,0.875
2,43.259,8.877,0.75
2,43.259,8.877,0.75
2,43.313,8.877,0.75
2,43.361,8.877,0.75
2,43.476,8.877,0.75
2,43.521,8.877,0.75
2,43.576,8.877,0.75
2,43.59,8.877,0.75
2,43.626,8.877,0.75
2,43.676,8.877,0.75
2,43.719,8.877,0.75
2,43.773,8.877,0.75
2,43.854,8.877,0.75
2,43.874,8.877,0.75
2,43.923,8.877,0.75
2,43.974,8.877,0.75
2,44.042,8.877,0.75
2,44.078,8.877,0.75
2,44.128,8.877,0.75
2,44.162,8.877,1.0
2,44.218,8.877,1.0
2,44.241,8.877,1.0
2,44.265,8.877,1.0
2,44.293,8.877,1.0
2,44.378,8.877,1.0
2,44.422,8.877,1.0
2,44.469,8.877,1.0
2,44.487,8.877,1.0
2,44.541,8.877,1.0
2,44.589,8.877,1.0
2,44.627,8.877,1.0
2,44.673,8.877,1.0
2,44.692,8.877,1.0
2,44.79,8.877,1.0
2,44.842,8.877,1.0
2,44.894,8.877,1.0
2,44.997,8.877,1.0
2,45.062,8.877,1.0
2,45.091,8.877,0.75
2,45.144,8.877,0.75
2,45.197,8.877,0.75
2,45.208,8.877,0.75
2,45.258,8.877,0.75
2,45.307,8.877,0.75
2,45.401,8.877,0.75
2,45.452,8.877,0.75
2,45.507,8.877,0.75
2,45.531,8.877,0.75
2,45.581,8.877,0.75
2,45.614,8.877,0.75
2,45.716,8.877,0.75
2,45.809,8.877,0.75
2,45.818,8.877,0.75
2,45.922,8.877,0.75
2,45.976,8.877,0.75
2,46.005,8.877,0.75
2,46.023,8.877,0.75
2,46.126,8.877,0.875
2,46.179,8.877,0.875
2,46.229,8.877,0.875
2,46.324,8.877,0.875
2,46.332,8.877,0.875
2,46.433,8.877,0.875
2,46.588,8.877,0.875
2,46.619,8.877,0.875
2,46.639,8.877,0.875
2,46.692,8.877,0.875
2,46.733,8.877,0.875
2,46.74,8.877,0.875
2,46.793,8.877,0.875
2,46.945,8.877,0.875
2,47.029,8.877,0.875
2,47.048,8.877,0.875
2,47.101,8.877,0.875
2,47.152,8.877,0.875
2,47.207,8.877,0.875
2,47.231,8.877,0.875
2,47.252,8.877,0.875
2,47.305,8.877,0.875
2,47.354,8.877,0.875
2,47.457,8.877,0.875
2,47.542,8.877,0.875
2,47.559,8.877,0.875
2,47.608,8.877,0.875
2,47.662,8.877,0.875
2,47.703,8.877,0.875
2,47.746,8.877,0.875
2,47.765,8.877,0.875
2,47.816,8.877,0.875
2,47.867,8.877,0.875
2,47.91,8.877,0.875
2,47.949,8.877,0.875
2,47.969,8.877,0.875
2,48.052,8.877,0.875
2,48.072,8.877,0.875
2,48.123,8.877,0.875
2,48.172,8.877,0.875
2,48.223,8.877,0.875
2,48.258,8.877,0.875
2,48.314,8.877,0.875
2,48.372,8.877,0.875
2,48.423,8.877,0.875
2,48.527,8.877,0.875
2,48.579,8.877,0.875
2,48.68,8.877,0.875
2,48.733,8.877,0.875
2,48.788,8.877,0.875
2,48.841,8.877,0.875
2,48.89,8.877,0.875
2,49.077,8.877,0.875
2,49.097,8.877,0.875
2,49.149,8.877,0.875
2,49.198,8.877,0.875
2,49.301,8.877,0.875
2,49.405,11.097,0.0
2,49.456,11.097,0.0
2,49.506,11.097,0.0
2,49.558,11.097,0.0
2,49.589,11.097,0.0
2,49.651,11.097,0.0
2,49.701,11.097,0.0
2,49.794,11.097,0.0
2,49.842,11.097,0.0
2,49.911,11.097,0.0
2,49.956,11.097,0.0
2,50.006,11.097,0.0
2,50.019,11.097,0.0
2,50.046,11.097,0.0
2,50.109,11.097,0.0
2,50.164,11.097,0.0
2,50.205,11.097,0.0
2,50.295,11.097,0.0
2,50.324,11.097,0.0
2,50.427,11.097,0.0
2,50.529,11.097,0.0
2,50.632,11.097,0.0
2,50.722,11.097,0.0
2,50.775,11.097,0.0
2,50.826,11.097,0.0
2,50.838,11.097,0.0
2,50.892,11.097,0.0
2,50.921,11.097,0.0
2,50.976,11.097,0.0
2,51.031,11.097,0.0
2,51.044,11.097,0.0
2,51.144,11.097,0.0
2,51.234,11.097,0.0
2,51.246,11.097,0.0
2,51.35,11.097,0.0
2,51.451,11.097,0.0
2,51.522,11.097,0.0
2,51.555,11.097,0.0
2,51.658,11.097,0.0
2,51.76,11.097,0.0
2,51.857,11.097,0.0
2,51.906,11.097,0.0
2,51.96,11.097,0.0
2,52.068,11.097,0.0
2,52.162,11.097,0.0
2,52.169,11.097,0.0
2,52.224,11.097,0.0
2,52.264,11.097,0.0
2,52.273,11.097,0.0
2,52.373,11.097,0.0
2,52.463,11.097,0.0
2,52.545,11.097,0.0
2,52.625,11.097,0.0
2,52.662,11.097,0.0
2,52.685,11.097,0.0
2,52.748,11.097,0.0
2,52.782,11.097,0.0
2,52.884,13.316,0.25
2,52.987,13.316,0.25
2,53.042,13.316,0.25
2,53.09,13.316,0.25
2,53.197,13.316,0.25
2,53.295,13.316,0.25
2,53.346,13.316,0.25
2,53.397,13.316,0.25
2,53.449,13.316,0.25
2,53.488,13.316,0.25
2,53.5,13.316,0.25
2,53.552,13.316,0.25
2,53.605,13.316,0.25
2,53.662,13.316,0.25
2,53.693,13.316,0.25
2,53.76,13.316,0.25
2,53.809,13.316,0.25
2,53.958,13.316,0.25
2,54.059,13.316,0.25
2,54.103,8.877,0.875
2,54.114,8.877,0.875
2,54.217,8.877,0.875
2,54.318,8.877,0.875
2,54.431,8.877,0.875
2,54.546,8.877,0.875
2,54.602,8.877,0.875
2,54.728,8.877,0.875
2,54.83,8.877,0.875
2,54.932,8.877,0.875
2,55.035,8.877,0.875
2,55.087,8.877,0.875
2,55.138,8.877,0.875
2,55.23,8.877,0.875
2,55.281,8.877,0.875
2,55.334,8.877,0.875
2,55.383,8.877,0.875
2,55.444,8.877,0.875
2,55.497,8.877,0.875
2,55.539,8.877,1.0
2,55.559,8.877,1.0
2,55.612,8.877,1.0
2,55.649,8.877,1.0
2,55.692,8.877,1.0
2,55.739,8.877,1.0
2,55.751,8.877,1.0
2,55.804,8.877,1.0
2,55.854,8.877,1.0
2,55.946,8.877,1.0
2,55.997,8.877,1.0
2,56.049,8.877,1.0
2,56.101,8.877,1.0
2,56.162,8.877,1.0
2,56.265,8.877,1.0
2,56.32,8.877,1.0
2,56.35,8.877,1.0
2,56.437,8.877,1.0
2,56.456,8.877,1.0
2,56.479,8.877,0.875
2,56.57,8.877,0.875
2,56.673,8.877,0.875
2,56.776,8.877,0.875
2,56.829,8.877,0.875
2,56.878,8.877,0.875
2,56.931,8.877,0.875
2,56.98,8.877,0.875
2,57.033,8.877,0.875
2,57.073,8.877,0.875
2,57.123,8.877,0.875
2,57.288,8.877,0.875
2,57.341,8.877,0.875
2,57.391,8.877,0.875
2,57.444,8.877,0.875
2,57.492,8.877,0.875
2,57.583,8.877,0.875
2,57.638,8.877,0.875
2,57.691,8.877,0.875
2,57.698,13.316,0.25
2,57.788,13.316,0.25
2,57.845,13.316,0.25
2,57.897,13.316,0.25
2,57.949,13.316,0.25
2,58.052,13.316,0.25
2,58.155,13.316,0.25
2,58.21,13.316,0.25
2,58.311,13.316,0.25
2,58.374,13.316,0.25
2,58.474,13.316,0.25
2,58.529,13.316,0.25
2,58.625,13.316,0.25
2,58.709,13.316,0.25
2,58.721,13.316,0.25
2,58.76,13.316,0.25
2,58.815,13.316,0.25
2,58.871,13.316,0.25
2,58.928,13.316,0.25
2,58.987,15.535,0.375
2,59.031,15.535,0.375
2,59.124,15.535,0.375
2,59.13,15.535,0.375
2,59.28,15.535,0.375
2,59.324,15.535,0.375
2,59.373,15.535,0.375
2,59.427,15.535,0.375
2,59.479,15.535,0.375
2,59.541,15.535,0.375
2,59.579,15.535,0.375
2,59.627,15.535,0.375
2,59.68,15.535,0.375
2,59.734,15.535,0.375
2,59.798,15.535,0.375
2,59.893,15.535,0.375
2,59.943,15.535,0.375
2,59.95,15.535,0.375
2,60.003,15.535,0.375
2,60.054,15.535,0.375
2,60.147,15.535,0.375
2,60.155,15.535,0.375
2,60.355,15.535,0.375
2,60.362,15.535,0.375
2,60.415,15.535,0.375
2,60.472,15.535,0.375
2,60.522,15.535,0.375
2,60.568,15.535,0.375
2,60.668,15.535,0.375
2,60.72,15.535,0.375
2,60.772,15.535,0.375
2,60.813,15.535,0.375
2,60.876,15.535,0.375
2,60.927,15.535,0.375
2,60.976,15.535,0.375
2,61.029,15.535,0.375
2,61.076,15.535,0.375
2,61.128,15.535,0.375
2,61.178,13.316,0.0
2,61.281,13.316,0.0
2,61.338,13.316,0.0
2,61.384,13.316,0.0
2,61.425,13.316,0.0
2,61.475,13.316,0.0
2,61.531,13.316,0.0
2,61.588,13.316,0.0
2,61.666,13.316,0.0
2,61.695,13.316,0.0
2,61.795,13.316,0.0
2,61.879,13.316,0.0
2,61.895,13.316,0.0
2,61.948,13.316,0.0
2,62.001,13.316,0.0
2,62.058,13.316,0.0
2,62.096,13.316,0.0
2,62.168,13.316,0.0
2,62.209,13.316,0.0
2,62.294,8.877,1.0
2,62.325,8.877,1.0
2,62.504,8.877,1.0
2,62.612,8.877,1.0
2,62.716,8.877,1.0
2,62.755,8.877,1.0
2,62.81,8.877,1.0
2,62.967,8.877,1.0
2,63.071,8.877,1.0
2,63.174,8.877,1.0
2,63.205,8.877,1.0
2,63.227,8.877,1.0
2,63.317,8.877,1.0
2,63.33,8.877,1.0
2,63.373,8.877,1.0
2,63.477,8.877,1.0
2,63.524,8.877,1.0
2,63.578,8.877,1.0
2,63.626,8.877,1.0
2,63.681,8.877,0.875
2,63.737,8.877,0.875
2,63.852,8.877,0.875
2,63.904,8.877,0.875
2,63.932,8.877,0.875
2,63.987,8.877,0.875
2,64.038,8.877,0.875
2,64.088,8.877,0.875
2,64.149,8.877,0.875
2,64.251,8.877,0.875
2,64.31,8.877,0.875
2,64.331,8.877,0.875
2,64.355,8.877,0.875
2,64.408,8.877,0.875
2,64.455,8.877,0.875
2,64.509,8.877,0.875
2,64.558,8.877,0.875
2,64.611,8.877,0.875
2,64.662,8.877,0.875
2,64.712,13.316,0.375
2,64.751,13.316,0.375
2,64.763,13.316,0.375
2,64.865,13.316,0.375
2,64.894,13.316,0.375
2,64.96,13.316,0.375
2,64.996,13.316,0.375
2,65.061,13.316,0.375
2,65.112,13.316,0.375
2,65.166,13.316,0.375
2,65.268,13.316,0.375
2,65.331,13.316,0.375
2,65.38,13.316,0.375
2,65.43,13.316,0.375
2,65.48,13.316,0.375
2,65.582,13.316,0.375
2,65.685,13.316,0.375
2,65.728,13.316,0.375
2,65.774,13.316,0.375
2,65.788,13.316,0.5
2,65.892,13.316,0.5
2,65.944,13.316,0.5
2,66.001,13.316,0.5
2,66.094,13.316,0.5
2,66.147,13.316,0.5
2,66.184,13.316,0.5
2,66.238,13.316,0.5
2,66.289,13.316,0.5
2,66.352,13.316,0.5
2,66.408,13.316,0.5
2,66.47,13.316,0.5
2,66.523,13.316,0.5
2,66.559,13.316,0.5
2,66.612,13.316,0.5
2,66.665,13.316,0.5
2,66.714,13.316,0.5
2,66.772,13.316,0.5
2,66.814,13.316,0.5
2,66.862,8.877,0.875
2,66.913,8.877,0.875
2,67.016,8.877,0.875
2,67.067,8.877,0.875
2,67.118,8.877,0.875
2,67.22,8.877,0.875
2,67.371,8.877,0.875
2,67.432,8.877,0.875
2,67.484,8.877,0.875
2,67.53,8.877,0.875
2,67.633,8.877,0.875
2,67.683,8.877,0.875
2,67.714,8.877,0.875
2,67.738,8.877,0.875
2,67.793,8.877,0.875
2,67.835,8.877,0.875
2,67.952,8.877,0.875
2,68.007,8.877,0.875
2,68.041,8.877,0.875
2,68.131,13.316,0.375
2,68.184,13.316,0.375
2,68.239,13.316,0.375
2,68.294,13.316,0.375
2,68.39,13.316,0.375
2,68.439,13.316,0.375
2,68.552,13.316,0.375
2,68.607,13.316,0.375
2,68.654,13.316,0.375
2,68.709,13.316,0.375
2,68.758,13.316,0.375
2,68.811,13.316,0.375
2,68.861,13.316,0.375
2,68.961,13.316,0.375
2,69.064,13.316,0.375
2,69.166,13.316,0.375
2,69.258,13.316,0.375
2,69.379,13.316,0.375
2,69.423,13.316,0.375
2,69.481,8.877,0.875
2,69.537,8.877,0.875
2,69.585,8.877,0.875
2,69.661,8.877,0.875
2,69.678,8.877,0.875
2,69.73,8.877,0.875
2,69.78,8.877,0.875
2,69.883,8.877,0.875
2,69.92,8.877,0.875
2,69.977,8.877,0.875
2,70.033,8.877,0.875
2,70.082,8.877,0.875
2,70.185,8.877,0.875
2,70.239,8.877,0.875
2,70.344,8.877,0.875
2,70.394,8.877,0.875
2,70.501,8.877,0.875
2,70.599,8.877,0.875
2,70.702,8.877,0.875
2,70.755,13.316,0.625
2,70.804,13.316,0.625
2,70.858,13.316,0.625
2,70.907,13.316,0.625
2,70.966,13.316,0.625
2,71.01,13.316,0.625
2,71.062,13.316,0.625
2,71.112,13.316,0.625
2,71.267,13.316,0.625
2,71.318,13.316,0.625
2,71.516,13.316,0.625
2,71.618,13.316,0.625
2,71.671,13.316,0.625
2,71.727,13.316,0.625
2,71.779,13.316,0.625
2,71.816,13.316,0.625
2,71.828,13.316,0.625
2,71.927,13.316,0.625
2,71.977,13.316,0.625
2,72.029,13.316,0.375
2,72.081,13.316,0.375
2,72.128,13.316,0.375
2,72.178,13.316,0.375
2,72.222,13.316,0.375
2,72.276,13.316,0.375
2,72.334,13.316,0.375
2,72.361,13.316,0.375
2,72.434,13.316,0.375
2,72.482,13.316,0.375
2,72.538,13.316,0.375
2,72.545,13.316,0.375
2,72.598,13.316,0.375
2,72.647,13.316,0.375
2,72.743,13.316,0.375
2,72.75,13.316,0.375
2,72.841,13.316,0.375
2,72.881,13.316,0.375
2,72.951,13.316,0.375
2,73.006,13.316,0.25
2,73.061,13.316,0.25
2,73.115,13.316,0.25
2,73.159,13.316,0.25
2,73.262,13.316,0.25
2,73.344,13.316,0.25
2,73.364,13.316,0.25
2,73.485,13.316,0.25
2,73.576,13.316,0.25
2,73.666,13.316,0.25
2,73.672,13.316,0.25
2,73.697,13.316,0.25
2,73.72,13.316,0.25
2,73.818,13.316,0.25
2,73.871,13.316,0.25
2,73.921,13.316,0.25
2,73.972,13.316,0.25
2,74.023,13.316,0.25
2,74.076,13.316,0.25
2,74.181,11.097,0.0
2,74.285,11.097,0.0
2,74.363,11.097,0.0
2,74.433,11.097,0.0
2,74.471,11.097,0.0
2,74.492,11.097,0.0
2,74.593,11.097,0.0
2,74.647,11.097,0.0
2,74.696,11.097,0.0
2,74.745,11.097,0.0
2,74.798,11.097,0.0
2,74.851,11.097,0.0
2,74.901,11.097,0.0
2,74.953,11.097,0.0
2,75.004,11.097,0.0
2,75.055,11.097,0.0
2,75.106,11.097,0.0
2,75.207,11.097,0.0
2,75.299,11.097,0.0
2,75.353,8.877,0.875
2,75.408,8.877,0.875
2,75.457,8.877,0.875
2,75.514,8.877,0.875
2,75.617,8.877,0.875
2,75.671,8.877,0.875
2,75.72,8.877,0.875
2,75.832,8.877,0.875
2,75.832,8.877,0.875
2,75.883,8.877,0.875
2,75.903,8.877,0.875
2,75.924,8.877,0.875
2,76.028,8.877,0.875
2,76.129,8.877,0.875
2,76.22,8.877,0.875
2,76.276,8.877,0.875
2,76.325,8.877,0.875
2,76.375,8.877,0.875
2,76.482,8.877,0.875
2,76.519,8.877,1.0
2,76.538,8.877,1.0
2,76.638,8.877,1.0
2,76.743,8.877,1.0
2,76.892,8.877,1.0
2,76.936,8.877,1.0
2,76.948,8.877,1.0
2,77.039,8.877,1.0
2,77.05,8.877,1.0
2,77.096,8.877,1.0
2,77.141,8.877,1.0
2,77.154,8.877,1.0
2,77.249,8.877,1.0
2,77.357,8.877,1.0
2,77.46,8.877,1.0
2,77.563,8.877,1.0
2,77.617,8.877,1.0
2,77.675,8.877,1.0
2,77.726,8.877,1.0
2,77.819,13.316,0.5
2,77.87,13.316,0.5
2,77.978,13.316,0.5
2,78.141,13.316,0.5
2,78.181,13.316,0.5
2,78.268,13.316,0.5
2,78.325,13.316,0.5
2,78.391,13.316,0.5
2,78.475,13.316,0.5
2,78.529,13.316,0.5
2,78.596,13.316,0.5
2,78.691,13.316,0.5
2,78.745,13.316,0.5
2,78.773,13.316,0.5
2,78.793,13.316,0.5
2,78.843,13.316,0.5
2,78.884,13.316,0.5
2,78.938,13.316,0.5
2,78.979,13.316,0.5
2,79.034,8.877,1.0
2,79.092,8.877,1.0
2,79.144,8.877,1.0
2,79.19,8.877,1.0
2,79.239,8.877,1.0
2,79.292,8.877,1.0
2,79.347,8.877,1.0
2,79.4,8.877,1.0
2,79.453,8.877,1.0
2,79.509,8.877,1.0
2,79.603,8.877,1.0
2,79.702,8.877,1.0
2,79.808,8.877,1.0
2,79.861,8.877,1.0
2,79.906,8.877,1.0
2,79.958,8.877,1.0
2,80.02,8.877,1.0
2,80.048,8.877,1.0
2,80.107,8.877,1.0
2,80.124,11.097,0.0
2,80.166,11.097,0.0
2,80.19,11.097,0.0
2,80.219,11.097,0.0
2,80.254,11.097,0.0
2,80.326,11.097,0.0
2,80.356,11.097,0.0
2,80.431,11.097,0.0
2,80.459,11.097,0.0
2,80.537,11.097,0.0
2,80.628,11.097,0.0
2,80.73,11.097,0.0
2,80.761,11.097,0.0
2,80.816,11.097,0.0
2,80.84,11.097,0.0
2,80.938,11.097,0.0
2,80.982,11.097,0.0
2,81.003,11.097,0.0
2,81.036,11.097,0.0
2,81.089,8.877,1.0
2,81.195,8.877,1.0
2,81.217,8.877,1.0
2,81.251,8.877,1.0
2,81.333,8.877,1.0
2,81.353,8.877,1.0
2,81.47,8.877,1.0
2,81.498,8.877,1.0
2,81.559,8.877,1.0
2,81.56,8.877,1.0
2,81.618,8.877,1.0
2,81.637,8.877,1.0
2,81.659,8.877,1.0
2,81.739,8.877,1.0
2,81.767,8.877,1.0
2,81.803,8.877,1.0
2,81.857,8.877,1.0
2,81.915,8.877,1.0
2,81.967,8.877,1.0
2,81.969,11.097,0.0
2,82.092,11.097,0.0
2,82.093,11.097,0.0
2,82.138,11.097,0.0
2,82.204,11.097,0.0
2,82.236,11.097,0.0
2,82.276,11.097,0.0
2,82.38,11.097,0.0
2,82.402,11.097,0.0
2,82.433,11.097,0.0
2,82.489,11.097,0.0
2,82.565,11.097,0.0
2,82.582,11.097,0.0
2,82.603,11.097,0.0
2,82.668,11.097,0.0
2,82.668,11.097,0.0
2,82.731,11.097,0.0
2,82.731,11.097,0.0
2,82.765,11.097,0.0
2,82.803,8.877,0.75
2,82.917,8.877,0.75
2,82.941,8.877,0.75
2,82.995,8.877,0.75
2,83.015,8.877,0.75
2,83.08,8.877,0.75
2,83.092,8.877,0.75
2,83.172,8.877,0.75
2,83.203,8.877,0.75
2,83.267,8.877,0.75
2,83.312,8.877,0.75
2,83.38,8.877,0.75
2,83.401,8.877,0.75
2,83.451,8.877,0.75
2,83.484,8.877,0.75
2,83.538,8.877,0.75
2,83.596,8.877,0.75
2,83.648,8.877,0.75
2,83.687,8.877,0.75
2,83.708,13.316,0.75
2,83.797,13.316,0.75
2,83.846,13.316,0.75
2,83.905,13.316,0.75
2,83.955,13.316,0.75
2,84.059,13.316,0.75
2,84.162,13.316,0.75
2,84.275,13.316,0.75
2,84.323,13.316,0.75
2,84.383,13.316,0.75
2,84.416,13.316,0.75
2,84.476,13.316,0.75
2,84.533,13.316,0.75
2,84.705,13.316,0.75
2,84.784,13.316,0.75
2,84.835,13.316,0.75
2,84.876,13.316,0.75
2,84.925,13.316,0.75
2,84.952,13.316,0.75
2,85.006,13.316,0.75
2,85.082,13.316,0.75
2,85.184,13.316,0.75
2,85.287,13.316,0.75
2,85.339,13.316,0.75
2,85.493,13.316,0.75
2,85.597,13.316,0.75
2,85.659,13.316,0.75
2,85.712,13.316,0.75
2,85.738,13.316,0.75
2,85.793,13.316,0.75
2,85.847,13.316,0.75
2,85.9,13.316,0.75
2,85.948,13.316,0.75
2,86.002,13.316,0.75
2,86.053,13.316,0.75
2,86.152,13.316,0.75
2,86.165,13.316,0.75
2,86.217,13.316,0.75
2,86.255,13.316,0.625
2,86.267,13.316,0.625
2,86.31,13.316,0.625
2,86.37,13.316,0.625
2,86.422,13.316,0.625
2,86.471,13.316,0.625
2,86.575,13.316,0.625
2,86.626,13.316,0.625
2,86.671,13.316,0.625
2,86.676,13.316,0.625
2,86.699,13.316,0.625
2,86.784,13.316,0.625
2,86.835,13.316,0.625
2,86.881,13.316,0.625
2,86.934,13.316,0.625
2,86.984,13.316,0.625
2,87.086,13.316,0.625
2,87.139,13.316,0.625
2,87.19,13.316,0.625
2,87.242,13.316,0.625
2,87.292,13.316,0.625
2,87.383,13.316,0.625
2,87.394,13.316,0.625
2,87.447,13.316,0.625
2,87.497,13.316,0.625
2,87.598,13.316,0.625
2,87.688,13.316,0.625
2,87.744,13.316,0.625
2,87.795,13.316,0.625
2,87.898,13.316,0.625
2,87.986,13.316,0.625
2,88.007,13.316,0.625
2,88.11,13.316,0.625
2,88.162,13.316,0.625
2,88.213,13.316,0.625
2,88.265,13.316,0.625
2,88.293,13.316,0.625
2,88.419,13.316,0.625
2,88.482,13.316,0.5
2,88.519,13.316,0.5
2,88.624,13.316,0.5
2,88.765,13.316,0.5
2,88.874,13.316,0.5
2,88.928,13.316,0.5
2,88.981,13.316,0.5
2,89.037,13.316,0.5
2,89.083,13.316,0.5
2,89.113,13.316,0.5
2,89.134,13.316,0.5
2,89.188,13.316,0.5
2,89.236,13.316,0.5
2,89.327,13.316,0.5
2,89.385,13.316,0.5
2,89.493,13.316,0.5
2,89.545,13.316,0.5
2,89.637,13.316,0.5
2,89.648,13.316,0.5
2,89.738,8.877,1.0
2,89.8,8.877,1.0
2,89.841,8.877,1.0
2,89.88,8.877,1.0
2,89.914,8.877,1.0
2,89.958,8.877,1.0
2,90.11,8.877,1.0
2,90.181,8.877,1.0
2,90.212,8.877,1.0
2,90.27,8.877,1.0
2,90.328,8.877,1.0
2,90.377,8.877,1.0
2,90.466,8.877,1.0
2,90.515,8.877,1.0
2,90.583,8.877,1.0
2,90.632,8.877,1.0
2,90.68,8.877,1.0
2,90.738,8.877,1.0
2,90.773,8.877,1.0
2,90.828,13.316,0.625
2,90.986,13.316,0.625
2,90.986,13.316,0.625
2,91.039,13.316,0.625
2,91.093,13.316,0.625
2,91.141,13.316,0.625
2,91.268,13.316,0.625
2,91.301,13.316,0.625
2,91.36,13.316,0.625
2,91.398,13.316,0.625
2,91.614,13.316,0.625
2,91.65,13.316,0.625
2,91.72,13.316,0.625
2,91.863,13.316,0.625
2,91.958,13.316,0.625
2,92.011,13.316,0.625
2,92.068,13.316,0.625
2,92.115,13.316,0.625
2,92.158,13.316,0.625
2,92.205,13.316,0.75
2,92.28,13.316,0.75
2,92.311,13.316,0.75
2,92.343,13.316,0.75
2,92.378,13.316,0.75
2,92.416,13.316,0.75
2,92.551,13.316,0.75
2,92.629,13.316,0.75
2,92.676,13.316,0.75
2,92.721,13.316,0.75
2,92.829,13.316,0.75
2,92.877,13.316,0.75
2,92.928,13.316,0.75
2,92.985,13.316,0.75
2,93.032,13.316,0.75
2,93.081,13.316,0.75
2,93.117,13.316,0.75
2,93.231,13.316,0.75
2,93.294,13.316,0.75
2,93.427,13.316,0.875
2,93.537,13.316,0.875
2,93.591,13.316,0.875
2,93.64,13.316,0.875
2,93.693,13.316,0.875
2,93.724,13.316,0.875
2,93.743,13.316,0.875
2,93.838,13.316,0.875
2,93.89,13.316,0.875
2,93.996,13.316,0.875
2,94.049,13.316,0.875
2,94.1,13.316,0.875
2,94.151,13.316,0.875
2,94.245,13.316,0.875
2,94.297,13.316,0.875
2,94.345,13.316,0.875
2,94.356,13.316,0.875
2,94.409,13.316,0.875
2,94.445,13.316,0.875
2,94.496,8.877,1.0
2,94.559,8.877,1.0
2,94.611,8.877,1.0
2,94.664,8.877,1.0
2,94.716,8.877,1.0
2,94.77,8.877,1.0
2,94.862,8.877,1.0
2,94.913,8.877,1.0
2,95.006,8.877,1.0
2,95.074,8.877,1.0
2,95.102,8.877,1.0
2,95.176,8.877,1.0
2,95.204,8.877,1.0
2,95.267,8.877,1.0
2,95.308,8.877,1.0
2,95.371,8.877,1.0
2,95.381,8.877,1.0
2,95.424,8.877,1.0
2,95.471,8.877,1.0
2,95.482,13.316,0.625
2,95.575,13.316,0.625
2,95.63,13.316,0.625
2,95.687,13.316,0.625
2,95.778,13.316,0.625
2,95.889,13.316,0.625
2,95.938,13.316,0.625
2,95.989,13.316,0.625
2,96.042,13.316,0.625
2,96.145,13.316,0.625
2,96.249,13.316,0.625
2,96.302,13.316,0.625
2,96.353,13.316,0.625
2,96.407,13.316,0.625
2,96.555,13.316,0.625
2,96.611,13.316,0.625
2,96.612,13.316,0.625
2,96.686,13.316,0.625
2,96.712,13.316,0.625
2,96.808,8.877,0.625
2,96.899,8.877,0.625
2,96.954,8.877,0.625
2,97.009,8.877,0.625
2,97.063,8.877,0.625
2,97.119,8.877,0.625
2,97.167,8.877,0.625
2,97.272,8.877,0.625
2,97.385,8.877,0.625
2,97.433,8.877,0.625
2,97.5,8.877,0.625
2,97.538,8.877,0.625
2,97.63,8.877,0.625
2,97.645,8.877,0.625
2,97.676,8.877,0.625
2,97.727,8.877,0.625
2,97.736,8.877,0.625
2,97.788,8.877,0.625
2,97.822,8.877,0.625
2,97.874,13.316,0.375
2,97.933,13.316,0.375
2,97.995,13.316,0.375
2,98.043,13.316,0.375
2,98.145,13.316,0.375
2,98.199,13.316,0.375
2,98.251,13.316,0.375
2,98.304,13.316,0.375
2,98.35,13.316,0.375
2,98.394,13.316,0.375
2,98.452,13.316,0.375
2,98.523,13.316,0.375
2,98.623,13.316,0.375
2,98.645,13.316,0.375
2,98.753,13.316,0.375
2,98.803,13.316,0.375
2,98.903,13.316,0.375
2,98.968,13.316,0.375
2,99.023,13.316,0.375
2,99.055,11.097,0.0
2,99.11,11.097,0.0
2,99.162,11.097,0.0
2,99.215,11.097,0.0
2,99.319,11.097,0.0
2,99.428,11.097,0.0
2,99.476,11.097,0.0
2,99.537,11.097,0.0
2,99.598,11.097,0.0
2,99.679,11.097,0.0
2,99.732,11.097,0.0
2,99.783,11.097,0.0
2,99.926,11.097,0.0
2,99.976,11.097,0.0
2,99.988,11.097,0.0
2,100.016,11.097,0.0
2,100.08,11.097,0.0
2,100.127,11.097,0.0
2,100.186,11.097,0.0
2,100.241,13.316,0.75
2,100.289,13.316,0.75
2,100.398,13.316,0.75
2,100.495,13.316,0.75
2,100.603,13.316,0.75
2,100.658,13.316,0.75
2,100.705,13.316,0.75
2,100.808,13.316,0.75
2,100.899,13.316,0.75
2,100.91,13.316,0.75
2,101.012,13.316,0.75
2,101.071,13.316,0.75
2,101.115,13.316,0.75
2,101.27,13.316,0.75
2,101.319,13.316,0.75
2,101.422,13.316,0.75
2,101.517,13.316,0.75
2,101.524,13.316,0.75
2,101.577,13.316,0.75
2,101.627,13.316,0.75
2,101.73,13.316,0.75
2,101.832,13.316,0.75
2,101.937,13.316,0.75
2,101.99,13.316,0.75
2,102.029,13.316,0.75
2,102.079,13.316,0.75
2,102.132,13.316,0.75
2,102.185,13.316,0.75
2,102.236,13.316,0.75
2,102.332,13.316,0.75
2,102.387,13.316,0.75
2,102.44,13.316,0.75
2,102.491,13.316,0.75
2,102.548,13.316,0.75
2,102.653,13.316,0.75
2,102.705,13.316,0.75
2,102.742,13.316,0.75
2,102.855,13.316,0.75
2,102.959,13.316,0.5
2,103.012,13.316,0.5
2,103.06,13.316,0.5
2,103.173,13.316,0.5
2,103.266,13.316,0.5
2,103.32,13.316,0.5
2,103.356,13.316,0.5
2,103.367,13.316,0.5
2,103.422,13.316,0.5
2,103.474,13.316,0.5
2,103.553,13.316,0.5
2,103.578,13.316,0.5
2,103.628,13.316,0.5
2,103.675,13.316,0.5
2,103.762,13.316,0.5
2,103.821,13.316,0.5
2,103.875,13.316,0.5
2,103.966,13.316,0.5
2,104.019,13.316,0.5
2,104.072,13.316,0.375
2,104.127,13.316,0.375
2,104.179,13.316,0.375
2,104.206,13.316,0.375
2,104.259,13.316,0.375
2,104.289,13.316,0.375
2,104.394,13.316,0.375
2,104.444,13.316,0.375
2,104.495,13.316,0.375
2,104.584,13.316,0.375
2,104.644,13.316,0.375
2,104.797,13.316,0.375
2,104.801,13.316,0.375
2,104.848,13.316,0.375
2,104.895,13.316,0.375
2,104.904,13.316,0.375
2,105.0,13.316,0.375
2,105.053,13.316,0.375
2,105.105,13.316,0.375
2,105.208,13.316,0.25
2,105.27,13.316,0.25
2,105.313,13.316,0.25
2,105.418,13.316,0.25
2,105.469,13.316,0.25
2,105.506,13.316,0.25
2,105.518,13.316,0.25
2,105.613,13.316,0.25
2,105.663,13.316,0.25
2,105.716,13.316,0.25
2,105.817,13.316,0.25
2,105.915,13.316,0.25
2,105.929,13.316,0.25
2,105.98,13.316,0.25
2,106.031,13.316,0.25
2,106.133,13.316,0.25
2,106.186,13.316,0.25
2,106.223,13.316,0.25
2,106.337,13.316,0.25
2,106.391,11.097,0.0
2,106.44,11.097,0.0
2,106.528,11.097,0.0
2,106.633,11.097,0.0
2,106.653,11.097,0.0
2,106.716,11.097,0.0
2,106.746,11.097,0.0
2,106.837,11.097,0.0
2,106.849,11.097,0.0
2,106.946,11.097,0.0
2,107.095,11.097,0.0
2,107.157,11.097,0.0
2,107.209,11.097,0.0
2,107.259,11.097,0.0
2,107.361,11.097,0.0
2,107.466,11.097,0.0
2,107.518,11.097,0.0
2,107.566,11.097,0.0
2,107.668,11.097,0.0
2,107.759,8.877,0.625
2,107.815,8.877,0.625
2,107.863,8.877,0.625
2,107.933,8.877,0.625
2,107.968,8.877,0.625
2,108.073,8.877,0.625
2,108.125,8.877,0.625
2,108.171,8.877,0.625
2,108.223,8.877,0.625
2,108.277,8.877,0.625
2,108.33,8.877,0.625
2,108.361,8.877,0.625
2,108.385,8.877,0.625
2,108.487,8.877,0.625
2,108.591,8.877,0.625
2,108.643,8.877,0.625
2,108.692,8.877,0.625
2,108.795,8.877,0.625
2,108.865,8.877,0.625
2,108.938,8.877,0.625
2,109.102,8.877,0.625
2,109.154,8.877,0.625
2,109.204,8.877,0.625
2,109.296,8.877,0.625
2,109.309,8.877,0.625
2,109.335,8.877,0.625
2,109.397,8.877,0.625
2,109.49,8.877,0.625
2,109.511,8.877,0.625
2,109.616,8.877,0.625
2,109.668,8.877,0.625
2,109.812,8.877,0.625
2,109.921,8.877,0.625
2,110.154,8.877,0.625
2,110.231,8.877,0.625
2,110.256,8.877,0.625
2,110.322,8.877,0.625
2,110.359,8.877,0.625
2,110.422,13.316,0.375
2,110.487,13.316,0.375
2,110.524,13.316,0.375
2,110.535,13.316,0.375
2,110.638,13.316,0.375
2,110.849,13.316,0.375
2,110.901,13.316,0.375
2,110.939,13.316,0.375
2,110.989,13.316,0.375
2,111.043,13.316,0.375
2,111.098,13.316,0.375
2,111.15,13.316,0.375
2,111.203,13.316,0.375
2,111.245,13.316,0.375
2,111.253,13.316,0.375
2,111.349,13.316,0.375
2,111.402,13.316,0.375
2,111.455,13.316,0.375
2,111.527,13.316,0.375
2,111.564,11.097,0.0
2,111.71,11.097,0.0
2,111.861,11.097,0.0
2,111.915,11.097,0.0
2,111.966,11.097,0.0
2,112.059,11.097,0.0
2,112.072,11.097,0.0
2,112.167,11.097,0.0
2,112.22,11.097,0.0
2,112.274,11.097,0.0
2,112.326,11.097,0.0
2,112.384,11.097,0.0
2,112.437,11.097,0.0
2,112.49,11.097,0.0
2,112.55,11.097,0.0
2,112.593,11.097,0.0
2,112.645,11.097,0.0
2,112.686,11.097,0.0
2,112.739,11.097,0.0
2,112.788,13.316,0.375
2,112.842,13.316,0.375
2,112.879,13.316,0.375
2,112.938,13.316,0.375
2,112.994,13.316,0.375
2,113.047,13.316,0.375
2,113.095,13.316,0.375
2,113.149,13.316,0.375
2,113.198,13.316,0.375
2,113.283,13.316,0.375
2,113.301,13.316,0.375
2,113.354,13.316,0.375
2,113.403,13.316,0.375
2,113.457,13.316,0.375
2,113.505,13.316,0.375
2,113.558,13.316,0.375
2,113.607,13.316,0.375
2,113.611,13.316,0.375
2,113.703,13.316,0.375
2,113.807,8.877,0.75
2,113.856,8.877,0.75
2,113.912,8.877,0.75
2,113.915,8.877,0.75
2,113.966,8.877,0.75
2,114.017,8.877,0.75
2,114.07,8.877,0.75
2,114.113,8.877,0.75
2,114.163,8.877,0.75
2,114.267,8.877,0.75
2,114.319,8.877,0.75
2,114.388,8.877,0.75
2,114.435,8.877,0.75
2,114.487,8.877,0.75
2,114.519,8.877,0.75
2,114.589,8.877,0.75
2,114.655,8.877,0.75
2,114.722,8.877,0.75
2,114.734,8.877,0.75
2,114.825,13.316,0.375
2,114.878,13.316,0.375
2,114.982,13.316,0.375
2,115.031,13.316,0.375
2,115.082,13.316,0.375
2,115.187,13.316,0.375
2,115.246,13.316,0.375
2,115.291,13.316,0.375
2,115.357,13.316,0.375
2,115.444,13.316,0.375
2,115.496,13.316,0.375
2,115.535,13.316,0.375
2,115.555,13.316,0.375
2,115.644,13.316,0.375
2,115.7,13.316,0.375
2,115.751,13.316,0.375
2,115.809,13.316,0.375
2,115.848,13.316,0.375
2,115.86,13.316,0.375
2,115.95,13.316,0.375
2,115.962,13.316,0.375
2,116.053,13.316,0.375
2,116.065,13.316,0.375
2,116.118,13.316,0.375
2,116.155,13.316,0.375
2,116.167,13.316,0.375
2,116.26,13.316,0.375
2,116.272,13.316,0.375
2,116.326,13.316,0.375
2,116.373,13.316,0.375
2,116.427,13.316,0.375
2,116.474,13.316,0.375
2,116.526,13.316,0.375
2,116.572,13.316,0.375
2,116.622,13.316,0.375
2,116.75,13.316,0.375
2,116.836,13.316,0.375
2,116.868,13.316,0.375
2,116.922,11.097,0.0
2,116.975,11.097,0.0
2,117.031,11.097,0.0
2,117.082,11.097,0.0
2,117.132,11.097,0.0
2,117.181,11.097,0.0
2,117.191,11.097,0.0
2,117.282,11.097,0.0
2,117.294,11.097,0.0
2,117.397,11.097,0.0
2,117.448,11.097,0.0
2,117.499,11.097,0.0
2,117.585,11.097,0.0
2,117.601,11.097,0.0
2,117.655,11.097,0.0
2,117.707,11.097,0.0
2,117.76,11.097,0.0
2,117.844,11.097,0.0
2,117.872,11.097,0.0
2,117.912,8.877,0.625
2,118.012,8.877,0.625
2,118.051,8.877,0.625
2,118.114,8.877,0.625
2,118.206,8.877,0.625
2,118.309,8.877,0.625
2,118.362,8.877,0.625
2,118.416,8.877,0.625
2,118.423,8.877,0.625
2,118.524,8.877,0.625
2,118.586,8.877,0.625
2,118.637,8.877,0.625
2,118.702,8.877,0.625
2,118.73,8.877,0.625
2,118.782,8.877,0.625
2,118.825,8.877,0.625
2,118.878,8.877,0.625
2,118.97,8.877,0.625
2,119.023,8.877,0.625
2,119.081,8.877,0.875
2,119.128,8.877,0.875
2,119.175,8.877,0.875
2,119.242,8.877,0.875
2,119.296,8.877,0.875
2,119.351,8.877,0.875
2,119.353,8.877,0.875
2,119.428,8.877,0.875
2,119.446,8.877,0.875
2,119.539,8.877,0.875
2,119.59,8.877,0.875
2,119.654,8.877,0.875
2,119.74,8.877,0.875
2,119.751,8.877,0.875
2,119.838,8.877,0.875
2,119.903,8.877,0.875
2,119.955,8.877,0.875
2,120.021,8.877,0.875
